iteration,idxS,idxE,S,E,P,overlap,overlap_score,overlap_density,real_overlap
1,0,0,000000,000000,000000,000000,6,1.0,False
2,0,1,000000,000001,000001,00000-,5,0.8333333333333334,False
3,0,2,000000,000010,000010,0000-0,5,0.8333333333333334,False
4,0,3,000000,000100,000100,000-00,5,0.8333333333333334,False
5,0,4,000000,001000,001000,00-000,5,0.8333333333333334,False
6,0,5,000000,010000,010000,0-0000,5,0.8333333333333334,False
7,0,6,000000,100001,100001,-0000-,4,0.6666666666666666,False
8,0,7,000000,000011,000011,0000--,4,0.6666666666666666,False
9,0,8,000000,000110,000110,000--0,4,0.6666666666666666,False
10,0,9,000000,001100,001100,00--00,4,0.6666666666666666,False
11,0,10,000000,011000,011000,0--000,4,0.6666666666666666,False
12,0,11,000000,110001,110001,--000-,3,0.5,False
13,0,12,000000,100010,100010,-000-0,4,0.6666666666666666,False
14,0,13,000000,000101,000101,000-0-,4,0.6666666666666666,False
15,0,14,000000,001010,001010,00-0-0,4,0.6666666666666666,False
16,0,15,000000,010100,010100,0-0-00,4,0.6666666666666666,False
17,0,16,000000,101000,101000,-0-000,4,0.6666666666666666,False
18,0,17,000000,010001,010001,0-000-,4,0.6666666666666666,False
19,0,18,000000,100011,100011,-000--,3,0.5,False
20,0,19,000000,000111,000111,000---,3,0.5,False
21,0,20,000000,001110,001110,00---0,3,0.5,False
22,0,21,000000,011100,011100,0---00,3,0.5,False
23,0,22,000000,111001,111001,---00-,2,0.3333333333333333,False
24,0,23,000000,110010,110010,--00-0,3,0.5,False
25,0,24,000000,100100,100100,-00-00,4,0.6666666666666666,False
26,0,25,000000,001001,001001,00-00-,4,0.6666666666666666,False
27,0,26,000000,010010,010010,0-00-0,4,0.6666666666666666,False
28,0,27,000000,100101,100101,-00-0-,3,0.5,False
29,0,28,000000,001011,001011,00-0--,3,0.5,False
30,0,29,000000,010110,010110,0-0--0,3,0.5,False
31,0,30,000000,101100,101100,-0--00,3,0.5,False
32,0,31,000000,011001,011001,0--00-,3,0.5,False
33,0,32,000000,110011,110011,--00--,2,0.3333333333333333,False
34,0,33,000000,100110,100110,-00--0,3,0.5,False
35,0,34,000000,001101,001101,00--0-,3,0.5,False
36,0,35,000000,011010,011010,0--0-0,3,0.5,False
37,0,36,000000,110100,110100,--0-00,3,0.5,False
38,0,37,000000,101001,101001,-0-00-,3,0.5,False
39,0,38,000000,010011,010011,0-00--,3,0.5,False
40,0,39,000000,100111,100111,-00---,2,0.3333333333333333,False
41,0,40,000000,001111,001111,00----,2,0.3333333333333333,False
42,0,41,000000,011110,011110,0----0,2,0.3333333333333333,False
43,0,42,000000,111101,111101,----0-,1,0.16666666666666666,False
44,0,43,000000,111010,111010,---0-0,2,0.3333333333333333,False
45,0,44,000000,110101,110101,--0-0-,2,0.3333333333333333,False
46,0,45,000000,101010,101010,-0-0-0,3,0.5,False
47,0,46,000000,010101,010101,0-0-0-,3,0.5,False
48,0,47,000000,101011,101011,-0-0--,2,0.3333333333333333,False
49,0,48,000000,010111,010111,0-0---,2,0.3333333333333333,False
50,0,49,000000,101110,101110,-0---0,2,0.3333333333333333,False
51,0,50,000000,011101,011101,0---0-,2,0.3333333333333333,False
52,0,51,000000,111011,111011,---0--,1,0.16666666666666666,False
53,0,52,000000,110110,110110,--0--0,2,0.3333333333333333,False
54,0,53,000000,101101,101101,-0--0-,2,0.3333333333333333,False
55,0,54,000000,011011,011011,0--0--,2,0.3333333333333333,False
56,0,55,000000,110111,110111,--0---,1,0.16666666666666666,False
57,0,56,000000,101111,101111,-0----,1,0.16666666666666666,False
58,0,57,000000,011111,011111,0-----,1,0.16666666666666666,False
59,0,58,000000,111111,111111,------,0,0.0,False
60,0,59,000000,111110,111110,-----0,1,0.16666666666666666,False
61,0,60,000000,111100,111100,----00,2,0.3333333333333333,False
62,0,61,000000,111000,111000,---000,3,0.5,False
63,0,62,000000,110000,110000,--0000,4,0.6666666666666666,False
64,0,63,000000,100000,100000,-00000,5,0.8333333333333334,False
65,1,0,000001,000000,000001,00000-,5,0.8333333333333334,False
66,1,1,000001,000001,000000,000001,6,1.0,True
67,1,2,000001,000010,000011,0000--,4,0.6666666666666666,False
68,1,3,000001,000100,000101,000-0-,4,0.6666666666666666,False
69,1,4,000001,001000,001001,00-00-,4,0.6666666666666666,False
70,1,5,000001,010000,010001,0-000-,4,0.6666666666666666,False
71,1,6,000001,100001,100000,-00001,5,0.8333333333333334,True
72,1,7,000001,000011,000010,0000-1,5,0.8333333333333334,True
73,1,8,000001,000110,000111,000---,3,0.5,False
74,1,9,000001,001100,001101,00--0-,3,0.5,False
75,1,10,000001,011000,011001,0--00-,3,0.5,False
76,1,11,000001,110001,110000,--0001,4,0.6666666666666666,True
77,1,12,000001,100010,100011,-000--,3,0.5,False
78,1,13,000001,000101,000100,000-01,5,0.8333333333333334,True
79,1,14,000001,001010,001011,00-0--,3,0.5,False
80,1,15,000001,010100,010101,0-0-0-,3,0.5,False
81,1,16,000001,101000,101001,-0-00-,3,0.5,False
82,1,17,000001,010001,010000,0-0001,5,0.8333333333333334,True
83,1,18,000001,100011,100010,-000-1,4,0.6666666666666666,True
84,1,19,000001,000111,000110,000--1,4,0.6666666666666666,True
85,1,20,000001,001110,001111,00----,2,0.3333333333333333,False
86,1,21,000001,011100,011101,0---0-,2,0.3333333333333333,False
87,1,22,000001,111001,111000,---001,3,0.5,True
88,1,23,000001,110010,110011,--00--,2,0.3333333333333333,False
89,1,24,000001,100100,100101,-00-0-,3,0.5,False
90,1,25,000001,001001,001000,00-001,5,0.8333333333333334,True
91,1,26,000001,010010,010011,0-00--,3,0.5,False
92,1,27,000001,100101,100100,-00-01,4,0.6666666666666666,True
93,1,28,000001,001011,001010,00-0-1,4,0.6666666666666666,True
94,1,29,000001,010110,010111,0-0---,2,0.3333333333333333,False
95,1,30,000001,101100,101101,-0--0-,2,0.3333333333333333,False
96,1,31,000001,011001,011000,0--001,4,0.6666666666666666,True
97,1,32,000001,110011,110010,--00-1,3,0.5,True
98,1,33,000001,100110,100111,-00---,2,0.3333333333333333,False
99,1,34,000001,001101,001100,00--01,4,0.6666666666666666,True
100,1,35,000001,011010,011011,0--0--,2,0.3333333333333333,False
101,1,36,000001,110100,110101,--0-0-,2,0.3333333333333333,False
102,1,37,000001,101001,101000,-0-001,4,0.6666666666666666,True
103,1,38,000001,010011,010010,0-00-1,4,0.6666666666666666,True
104,1,39,000001,100111,100110,-00--1,3,0.5,True
105,1,40,000001,001111,001110,00---1,3,0.5,True
106,1,41,000001,011110,011111,0-----,1,0.16666666666666666,False
107,1,42,000001,111101,111100,----01,2,0.3333333333333333,True
108,1,43,000001,111010,111011,---0--,1,0.16666666666666666,False
109,1,44,000001,110101,110100,--0-01,3,0.5,True
110,1,45,000001,101010,101011,-0-0--,2,0.3333333333333333,False
111,1,46,000001,010101,010100,0-0-01,4,0.6666666666666666,True
112,1,47,000001,101011,101010,-0-0-1,3,0.5,True
113,1,48,000001,010111,010110,0-0--1,3,0.5,True
114,1,49,000001,101110,101111,-0----,1,0.16666666666666666,False
115,1,50,000001,011101,011100,0---01,3,0.5,True
116,1,51,000001,111011,111010,---0-1,2,0.3333333333333333,True
117,1,52,000001,110110,110111,--0---,1,0.16666666666666666,False
118,1,53,000001,101101,101100,-0--01,3,0.5,True
119,1,54,000001,011011,011010,0--0-1,3,0.5,True
120,1,55,000001,110111,110110,--0--1,2,0.3333333333333333,True
121,1,56,000001,101111,101110,-0---1,2,0.3333333333333333,True
122,1,57,000001,011111,011110,0----1,2,0.3333333333333333,True
123,1,58,000001,111111,111110,-----1,1,0.16666666666666666,True
124,1,59,000001,111110,111111,------,0,0.0,False
125,1,60,000001,111100,111101,----0-,1,0.16666666666666666,False
126,1,61,000001,111000,111001,---00-,2,0.3333333333333333,False
127,1,62,000001,110000,110001,--000-,3,0.5,False
128,1,63,000001,100000,100001,-0000-,4,0.6666666666666666,False
129,2,0,000010,000000,000010,0000-0,5,0.8333333333333334,False
130,2,1,000010,000001,000011,0000--,4,0.6666666666666666,False
131,2,2,000010,000010,000000,000010,6,1.0,False
132,2,3,000010,000100,000110,000--0,4,0.6666666666666666,False
133,2,4,000010,001000,001010,00-0-0,4,0.6666666666666666,False
134,2,5,000010,010000,010010,0-00-0,4,0.6666666666666666,False
135,2,6,000010,100001,100011,-000--,3,0.5,False
136,2,7,000010,000011,000001,00001-,5,0.8333333333333334,False
137,2,8,000010,000110,000100,000-10,5,0.8333333333333334,False
138,2,9,000010,001100,001110,00---0,3,0.5,False
139,2,10,000010,011000,011010,0--0-0,3,0.5,False
140,2,11,000010,110001,110011,--00--,2,0.3333333333333333,False
141,2,12,000010,100010,100000,-00010,5,0.8333333333333334,False
142,2,13,000010,000101,000111,000---,3,0.5,False
143,2,14,000010,001010,001000,00-010,5,0.8333333333333334,False
144,2,15,000010,010100,010110,0-0--0,3,0.5,False
145,2,16,000010,101000,101010,-0-0-0,3,0.5,False
146,2,17,000010,010001,010011,0-00--,3,0.5,False
147,2,18,000010,100011,100001,-0001-,4,0.6666666666666666,False
148,2,19,000010,000111,000101,000-1-,4,0.6666666666666666,False
149,2,20,000010,001110,001100,00--10,4,0.6666666666666666,False
150,2,21,000010,011100,011110,0----0,2,0.3333333333333333,False
151,2,22,000010,111001,111011,---0--,1,0.16666666666666666,False
152,2,23,000010,110010,110000,--0010,4,0.6666666666666666,False
153,2,24,000010,100100,100110,-00--0,3,0.5,False
154,2,25,000010,001001,001011,00-0--,3,0.5,False
155,2,26,000010,010010,010000,0-0010,5,0.8333333333333334,False
156,2,27,000010,100101,100111,-00---,2,0.3333333333333333,False
157,2,28,000010,001011,001001,00-01-,4,0.6666666666666666,False
158,2,29,000010,010110,010100,0-0-10,4,0.6666666666666666,False
159,2,30,000010,101100,101110,-0---0,2,0.3333333333333333,False
160,2,31,000010,011001,011011,0--0--,2,0.3333333333333333,False
161,2,32,000010,110011,110001,--001-,3,0.5,False
162,2,33,000010,100110,100100,-00-10,4,0.6666666666666666,False
163,2,34,000010,001101,001111,00----,2,0.3333333333333333,False
164,2,35,000010,011010,011000,0--010,4,0.6666666666666666,False
165,2,36,000010,110100,110110,--0--0,2,0.3333333333333333,False
166,2,37,000010,101001,101011,-0-0--,2,0.3333333333333333,False
167,2,38,000010,010011,010001,0-001-,4,0.6666666666666666,False
168,2,39,000010,100111,100101,-00-1-,3,0.5,False
169,2,40,000010,001111,001101,00--1-,3,0.5,False
170,2,41,000010,011110,011100,0---10,3,0.5,False
171,2,42,000010,111101,111111,------,0,0.0,False
172,2,43,000010,111010,111000,---010,3,0.5,False
173,2,44,000010,110101,110111,--0---,1,0.16666666666666666,False
174,2,45,000010,101010,101000,-0-010,4,0.6666666666666666,False
175,2,46,000010,010101,010111,0-0---,2,0.3333333333333333,False
176,2,47,000010,101011,101001,-0-01-,3,0.5,False
177,2,48,000010,010111,010101,0-0-1-,3,0.5,False
178,2,49,000010,101110,101100,-0--10,3,0.5,False
179,2,50,000010,011101,011111,0-----,1,0.16666666666666666,False
180,2,51,000010,111011,111001,---01-,2,0.3333333333333333,False
181,2,52,000010,110110,110100,--0-10,3,0.5,False
182,2,53,000010,101101,101111,-0----,1,0.16666666666666666,False
183,2,54,000010,011011,011001,0--01-,3,0.5,False
184,2,55,000010,110111,110101,--0-1-,2,0.3333333333333333,False
185,2,56,000010,101111,101101,-0--1-,2,0.3333333333333333,False
186,2,57,000010,011111,011101,0---1-,2,0.3333333333333333,False
187,2,58,000010,111111,111101,----1-,1,0.16666666666666666,False
188,2,59,000010,111110,111100,----10,2,0.3333333333333333,False
189,2,60,000010,111100,111110,-----0,1,0.16666666666666666,False
190,2,61,000010,111000,111010,---0-0,2,0.3333333333333333,False
191,2,62,000010,110000,110010,--00-0,3,0.5,False
192,2,63,000010,100000,100010,-000-0,4,0.6666666666666666,False
193,3,0,000100,000000,000100,000-00,5,0.8333333333333334,False
194,3,1,000100,000001,000101,000-0-,4,0.6666666666666666,False
195,3,2,000100,000010,000110,000--0,4,0.6666666666666666,False
196,3,3,000100,000100,000000,000100,6,1.0,False
197,3,4,000100,001000,001100,00--00,4,0.6666666666666666,False
198,3,5,000100,010000,010100,0-0-00,4,0.6666666666666666,False
199,3,6,000100,100001,100101,-00-0-,3,0.5,False
200,3,7,000100,000011,000111,000---,3,0.5,False
201,3,8,000100,000110,000010,0001-0,5,0.8333333333333334,False
202,3,9,000100,001100,001000,00-100,5,0.8333333333333334,False
203,3,10,000100,011000,011100,0---00,3,0.5,False
204,3,11,000100,110001,110101,--0-0-,2,0.3333333333333333,False
205,3,12,000100,100010,100110,-00--0,3,0.5,False
206,3,13,000100,000101,000001,00010-,5,0.8333333333333334,False
207,3,14,000100,001010,001110,00---0,3,0.5,False
208,3,15,000100,010100,010000,0-0100,5,0.8333333333333334,False
209,3,16,000100,101000,101100,-0--00,3,0.5,False
210,3,17,000100,010001,010101,0-0-0-,3,0.5,False
211,3,18,000100,100011,100111,-00---,2,0.3333333333333333,False
212,3,19,000100,000111,000011,0001--,4,0.6666666666666666,False
213,3,20,000100,001110,001010,00-1-0,4,0.6666666666666666,False
214,3,21,000100,011100,011000,0--100,4,0.6666666666666666,False
215,3,22,000100,111001,111101,----0-,1,0.16666666666666666,False
216,3,23,000100,110010,110110,--0--0,2,0.3333333333333333,False
217,3,24,000100,100100,100000,-00100,5,0.8333333333333334,False
218,3,25,000100,001001,001101,00--0-,3,0.5,False
219,3,26,000100,010010,010110,0-0--0,3,0.5,False
220,3,27,000100,100101,100001,-0010-,4,0.6666666666666666,False
221,3,28,000100,001011,001111,00----,2,0.3333333333333333,False
222,3,29,000100,010110,010010,0-01-0,4,0.6666666666666666,False
223,3,30,000100,101100,101000,-0-100,4,0.6666666666666666,False
224,3,31,000100,011001,011101,0---0-,2,0.3333333333333333,False
225,3,32,000100,110011,110111,--0---,1,0.16666666666666666,False
226,3,33,000100,100110,100010,-001-0,4,0.6666666666666666,False
227,3,34,000100,001101,001001,00-10-,4,0.6666666666666666,False
228,3,35,000100,011010,011110,0----0,2,0.3333333333333333,False
229,3,36,000100,110100,110000,--0100,4,0.6666666666666666,False
230,3,37,000100,101001,101101,-0--0-,2,0.3333333333333333,False
231,3,38,000100,010011,010111,0-0---,2,0.3333333333333333,False
232,3,39,000100,100111,100011,-001--,3,0.5,False
233,3,40,000100,001111,001011,00-1--,3,0.5,False
234,3,41,000100,011110,011010,0--1-0,3,0.5,False
235,3,42,000100,111101,111001,---10-,2,0.3333333333333333,False
236,3,43,000100,111010,111110,-----0,1,0.16666666666666666,False
237,3,44,000100,110101,110001,--010-,3,0.5,False
238,3,45,000100,101010,101110,-0---0,2,0.3333333333333333,False
239,3,46,000100,010101,010001,0-010-,4,0.6666666666666666,False
240,3,47,000100,101011,101111,-0----,1,0.16666666666666666,False
241,3,48,000100,010111,010011,0-01--,3,0.5,False
242,3,49,000100,101110,101010,-0-1-0,3,0.5,False
243,3,50,000100,011101,011001,0--10-,3,0.5,False
244,3,51,000100,111011,111111,------,0,0.0,False
245,3,52,000100,110110,110010,--01-0,3,0.5,False
246,3,53,000100,101101,101001,-0-10-,3,0.5,False
247,3,54,000100,011011,011111,0-----,1,0.16666666666666666,False
248,3,55,000100,110111,110011,--01--,2,0.3333333333333333,False
249,3,56,000100,101111,101011,-0-1--,2,0.3333333333333333,False
250,3,57,000100,011111,011011,0--1--,2,0.3333333333333333,False
251,3,58,000100,111111,111011,---1--,1,0.16666666666666666,False
252,3,59,000100,111110,111010,---1-0,2,0.3333333333333333,False
253,3,60,000100,111100,111000,---100,3,0.5,False
254,3,61,000100,111000,111100,----00,2,0.3333333333333333,False
255,3,62,000100,110000,110100,--0-00,3,0.5,False
256,3,63,000100,100000,100100,-00-00,4,0.6666666666666666,False
257,4,0,001000,000000,001000,00-000,5,0.8333333333333334,False
258,4,1,001000,000001,001001,00-00-,4,0.6666666666666666,False
259,4,2,001000,000010,001010,00-0-0,4,0.6666666666666666,False
260,4,3,001000,000100,001100,00--00,4,0.6666666666666666,False
261,4,4,001000,001000,000000,001000,6,1.0,False
262,4,5,001000,010000,011000,0--000,4,0.6666666666666666,False
263,4,6,001000,100001,101001,-0-00-,3,0.5,False
264,4,7,001000,000011,001011,00-0--,3,0.5,False
265,4,8,001000,000110,001110,00---0,3,0.5,False
266,4,9,001000,001100,000100,001-00,5,0.8333333333333334,False
267,4,10,001000,011000,010000,0-1000,5,0.8333333333333334,False
268,4,11,001000,110001,111001,---00-,2,0.3333333333333333,False
269,4,12,001000,100010,101010,-0-0-0,3,0.5,False
270,4,13,001000,000101,001101,00--0-,3,0.5,False
271,4,14,001000,001010,000010,0010-0,5,0.8333333333333334,False
272,4,15,001000,010100,011100,0---00,3,0.5,False
273,4,16,001000,101000,100000,-01000,5,0.8333333333333334,False
274,4,17,001000,010001,011001,0--00-,3,0.5,False
275,4,18,001000,100011,101011,-0-0--,2,0.3333333333333333,False
276,4,19,001000,000111,001111,00----,2,0.3333333333333333,False
277,4,20,001000,001110,000110,001--0,4,0.6666666666666666,False
278,4,21,001000,011100,010100,0-1-00,4,0.6666666666666666,False
279,4,22,001000,111001,110001,--100-,3,0.5,False
280,4,23,001000,110010,111010,---0-0,2,0.3333333333333333,False
281,4,24,001000,100100,101100,-0--00,3,0.5,False
282,4,25,001000,001001,000001,00100-,5,0.8333333333333334,False
283,4,26,001000,010010,011010,0--0-0,3,0.5,False
284,4,27,001000,100101,101101,-0--0-,2,0.3333333333333333,False
285,4,28,001000,001011,000011,0010--,4,0.6666666666666666,False
286,4,29,001000,010110,011110,0----0,2,0.3333333333333333,False
287,4,30,001000,101100,100100,-01-00,4,0.6666666666666666,False
288,4,31,001000,011001,010001,0-100-,4,0.6666666666666666,False
289,4,32,001000,110011,111011,---0--,1,0.16666666666666666,False
290,4,33,001000,100110,101110,-0---0,2,0.3333333333333333,False
291,4,34,001000,001101,000101,001-0-,4,0.6666666666666666,False
292,4,35,001000,011010,010010,0-10-0,4,0.6666666666666666,False
293,4,36,001000,110100,111100,----00,2,0.3333333333333333,False
294,4,37,001000,101001,100001,-0100-,4,0.6666666666666666,False
295,4,38,001000,010011,011011,0--0--,2,0.3333333333333333,False
296,4,39,001000,100111,101111,-0----,1,0.16666666666666666,False
297,4,40,001000,001111,000111,001---,3,0.5,False
298,4,41,001000,011110,010110,0-1--0,3,0.5,False
299,4,42,001000,111101,110101,--1-0-,2,0.3333333333333333,False
300,4,43,001000,111010,110010,--10-0,3,0.5,False
301,4,44,001000,110101,111101,----0-,1,0.16666666666666666,False
302,4,45,001000,101010,100010,-010-0,4,0.6666666666666666,False
303,4,46,001000,010101,011101,0---0-,2,0.3333333333333333,False
304,4,47,001000,101011,100011,-010--,3,0.5,False
305,4,48,001000,010111,011111,0-----,1,0.16666666666666666,False
306,4,49,001000,101110,100110,-01--0,3,0.5,False
307,4,50,001000,011101,010101,0-1-0-,3,0.5,False
308,4,51,001000,111011,110011,--10--,2,0.3333333333333333,False
309,4,52,001000,110110,111110,-----0,1,0.16666666666666666,False
310,4,53,001000,101101,100101,-01-0-,3,0.5,False
311,4,54,001000,011011,010011,0-10--,3,0.5,False
312,4,55,001000,110111,111111,------,0,0.0,False
313,4,56,001000,101111,100111,-01---,2,0.3333333333333333,False
314,4,57,001000,011111,010111,0-1---,2,0.3333333333333333,False
315,4,58,001000,111111,110111,--1---,1,0.16666666666666666,False
316,4,59,001000,111110,110110,--1--0,2,0.3333333333333333,False
317,4,60,001000,111100,110100,--1-00,3,0.5,False
318,4,61,001000,111000,110000,--1000,4,0.6666666666666666,False
319,4,62,001000,110000,111000,---000,3,0.5,False
320,4,63,001000,100000,101000,-0-000,4,0.6666666666666666,False
321,5,0,010000,000000,010000,0-0000,5,0.8333333333333334,False
322,5,1,010000,000001,010001,0-000-,4,0.6666666666666666,False
323,5,2,010000,000010,010010,0-00-0,4,0.6666666666666666,False
324,5,3,010000,000100,010100,0-0-00,4,0.6666666666666666,False
325,5,4,010000,001000,011000,0--000,4,0.6666666666666666,False
326,5,5,010000,010000,000000,010000,6,1.0,False
327,5,6,010000,100001,110001,--000-,3,0.5,False
328,5,7,010000,000011,010011,0-00--,3,0.5,False
329,5,8,010000,000110,010110,0-0--0,3,0.5,False
330,5,9,010000,001100,011100,0---00,3,0.5,False
331,5,10,010000,011000,001000,01-000,5,0.8333333333333334,False
332,5,11,010000,110001,100001,-1000-,4,0.6666666666666666,False
333,5,12,010000,100010,110010,--00-0,3,0.5,False
334,5,13,010000,000101,010101,0-0-0-,3,0.5,False
335,5,14,010000,001010,011010,0--0-0,3,0.5,False
336,5,15,010000,010100,000100,010-00,5,0.8333333333333334,False
337,5,16,010000,101000,111000,---000,3,0.5,False
338,5,17,010000,010001,000001,01000-,5,0.8333333333333334,False
339,5,18,010000,100011,110011,--00--,2,0.3333333333333333,False
340,5,19,010000,000111,010111,0-0---,2,0.3333333333333333,False
341,5,20,010000,001110,011110,0----0,2,0.3333333333333333,False
342,5,21,010000,011100,001100,01--00,4,0.6666666666666666,False
343,5,22,010000,111001,101001,-1-00-,3,0.5,False
344,5,23,010000,110010,100010,-100-0,4,0.6666666666666666,False
345,5,24,010000,100100,110100,--0-00,3,0.5,False
346,5,25,010000,001001,011001,0--00-,3,0.5,False
347,5,26,010000,010010,000010,0100-0,5,0.8333333333333334,False
348,5,27,010000,100101,110101,--0-0-,2,0.3333333333333333,False
349,5,28,010000,001011,011011,0--0--,2,0.3333333333333333,False
350,5,29,010000,010110,000110,010--0,4,0.6666666666666666,False
351,5,30,010000,101100,111100,----00,2,0.3333333333333333,False
352,5,31,010000,011001,001001,01-00-,4,0.6666666666666666,False
353,5,32,010000,110011,100011,-100--,3,0.5,False
354,5,33,010000,100110,110110,--0--0,2,0.3333333333333333,False
355,5,34,010000,001101,011101,0---0-,2,0.3333333333333333,False
356,5,35,010000,011010,001010,01-0-0,4,0.6666666666666666,False
357,5,36,010000,110100,100100,-10-00,4,0.6666666666666666,False
358,5,37,010000,101001,111001,---00-,2,0.3333333333333333,False
359,5,38,010000,010011,000011,0100--,4,0.6666666666666666,False
360,5,39,010000,100111,110111,--0---,1,0.16666666666666666,False
361,5,40,010000,001111,011111,0-----,1,0.16666666666666666,False
362,5,41,010000,011110,001110,01---0,3,0.5,False
363,5,42,010000,111101,101101,-1--0-,2,0.3333333333333333,False
364,5,43,010000,111010,101010,-1-0-0,3,0.5,False
365,5,44,010000,110101,100101,-10-0-,3,0.5,False
366,5,45,010000,101010,111010,---0-0,2,0.3333333333333333,False
367,5,46,010000,010101,000101,010-0-,4,0.6666666666666666,False
368,5,47,010000,101011,111011,---0--,1,0.16666666666666666,False
369,5,48,010000,010111,000111,010---,3,0.5,False
370,5,49,010000,101110,111110,-----0,1,0.16666666666666666,False
371,5,50,010000,011101,001101,01--0-,3,0.5,False
372,5,51,010000,111011,101011,-1-0--,2,0.3333333333333333,False
373,5,52,010000,110110,100110,-10--0,3,0.5,False
374,5,53,010000,101101,111101,----0-,1,0.16666666666666666,False
375,5,54,010000,011011,001011,01-0--,3,0.5,False
376,5,55,010000,110111,100111,-10---,2,0.3333333333333333,False
377,5,56,010000,101111,111111,------,0,0.0,False
378,5,57,010000,011111,001111,01----,2,0.3333333333333333,False
379,5,58,010000,111111,101111,-1----,1,0.16666666666666666,False
380,5,59,010000,111110,101110,-1---0,2,0.3333333333333333,False
381,5,60,010000,111100,101100,-1--00,3,0.5,False
382,5,61,010000,111000,101000,-1-000,4,0.6666666666666666,False
383,5,62,010000,110000,100000,-10000,5,0.8333333333333334,False
384,5,63,010000,100000,110000,--0000,4,0.6666666666666666,False
385,6,0,100001,000000,100001,-0000-,4,0.6666666666666666,False
386,6,1,100001,000001,100000,-00001,5,0.8333333333333334,True
387,6,2,100001,000010,100011,-000--,3,0.5,False
388,6,3,100001,000100,100101,-00-0-,3,0.5,False
389,6,4,100001,001000,101001,-0-00-,3,0.5,False
390,6,5,100001,010000,110001,--000-,3,0.5,False
391,6,6,100001,100001,000000,100001,6,1.0,True
392,6,7,100001,000011,100010,-000-1,4,0.6666666666666666,True
393,6,8,100001,000110,100111,-00---,2,0.3333333333333333,False
394,6,9,100001,001100,101101,-0--0-,2,0.3333333333333333,False
395,6,10,100001,011000,111001,---00-,2,0.3333333333333333,False
396,6,11,100001,110001,010000,1-0001,5,0.8333333333333334,True
397,6,12,100001,100010,000011,1000--,4,0.6666666666666666,True
398,6,13,100001,000101,100100,-00-01,4,0.6666666666666666,True
399,6,14,100001,001010,101011,-0-0--,2,0.3333333333333333,False
400,6,15,100001,010100,110101,--0-0-,2,0.3333333333333333,False
401,6,16,100001,101000,001001,10-00-,4,0.6666666666666666,True
402,6,17,100001,010001,110000,--0001,4,0.6666666666666666,True
403,6,18,100001,100011,000010,1000-1,5,0.8333333333333334,True
404,6,19,100001,000111,100110,-00--1,3,0.5,True
405,6,20,100001,001110,101111,-0----,1,0.16666666666666666,False
406,6,21,100001,011100,111101,----0-,1,0.16666666666666666,False
407,6,22,100001,111001,011000,1--001,4,0.6666666666666666,True
408,6,23,100001,110010,010011,1-00--,3,0.5,True
409,6,24,100001,100100,000101,100-0-,4,0.6666666666666666,True
410,6,25,100001,001001,101000,-0-001,4,0.6666666666666666,True
411,6,26,100001,010010,110011,--00--,2,0.3333333333333333,False
412,6,27,100001,100101,000100,100-01,5,0.8333333333333334,True
413,6,28,100001,001011,101010,-0-0-1,3,0.5,True
414,6,29,100001,010110,110111,--0---,1,0.16666666666666666,False
415,6,30,100001,101100,001101,10--0-,3,0.5,True
416,6,31,100001,011001,111000,---001,3,0.5,True
417,6,32,100001,110011,010010,1-00-1,4,0.6666666666666666,True
418,6,33,100001,100110,000111,100---,3,0.5,True
419,6,34,100001,001101,101100,-0--01,3,0.5,True
420,6,35,100001,011010,111011,---0--,1,0.16666666666666666,False
421,6,36,100001,110100,010101,1-0-0-,3,0.5,True
422,6,37,100001,101001,001000,10-001,5,0.8333333333333334,True
423,6,38,100001,010011,110010,--00-1,3,0.5,True
424,6,39,100001,100111,000110,100--1,4,0.6666666666666666,True
425,6,40,100001,001111,101110,-0---1,2,0.3333333333333333,True
426,6,41,100001,011110,111111,------,0,0.0,False
427,6,42,100001,111101,011100,1---01,3,0.5,True
428,6,43,100001,111010,011011,1--0--,2,0.3333333333333333,True
429,6,44,100001,110101,010100,1-0-01,4,0.6666666666666666,True
430,6,45,100001,101010,001011,10-0--,3,0.5,True
431,6,46,100001,010101,110100,--0-01,3,0.5,True
432,6,47,100001,101011,001010,10-0-1,4,0.6666666666666666,True
433,6,48,100001,010111,110110,--0--1,2,0.3333333333333333,True
434,6,49,100001,101110,001111,10----,2,0.3333333333333333,True
435,6,50,100001,011101,111100,----01,2,0.3333333333333333,True
436,6,51,100001,111011,011010,1--0-1,3,0.5,True
437,6,52,100001,110110,010111,1-0---,2,0.3333333333333333,True
438,6,53,100001,101101,001100,10--01,4,0.6666666666666666,True
439,6,54,100001,011011,111010,---0-1,2,0.3333333333333333,True
440,6,55,100001,110111,010110,1-0--1,3,0.5,True
441,6,56,100001,101111,001110,10---1,3,0.5,True
442,6,57,100001,011111,111110,-----1,1,0.16666666666666666,True
443,6,58,100001,111111,011110,1----1,2,0.3333333333333333,True
444,6,59,100001,111110,011111,1-----,1,0.16666666666666666,True
445,6,60,100001,111100,011101,1---0-,2,0.3333333333333333,True
446,6,61,100001,111000,011001,1--00-,3,0.5,True
447,6,62,100001,110000,010001,1-000-,4,0.6666666666666666,True
448,6,63,100001,100000,000001,10000-,5,0.8333333333333334,True
449,7,0,000011,000000,000011,0000--,4,0.6666666666666666,False
450,7,1,000011,000001,000010,0000-1,5,0.8333333333333334,True
451,7,2,000011,000010,000001,00001-,5,0.8333333333333334,False
452,7,3,000011,000100,000111,000---,3,0.5,False
453,7,4,000011,001000,001011,00-0--,3,0.5,False
454,7,5,000011,010000,010011,0-00--,3,0.5,False
455,7,6,000011,100001,100010,-000-1,4,0.6666666666666666,True
456,7,7,000011,000011,000000,000011,6,1.0,True
457,7,8,000011,000110,000101,000-1-,4,0.6666666666666666,False
458,7,9,000011,001100,001111,00----,2,0.3333333333333333,False
459,7,10,000011,011000,011011,0--0--,2,0.3333333333333333,False
460,7,11,000011,110001,110010,--00-1,3,0.5,True
461,7,12,000011,100010,100001,-0001-,4,0.6666666666666666,False
462,7,13,000011,000101,000110,000--1,4,0.6666666666666666,True
463,7,14,000011,001010,001001,00-01-,4,0.6666666666666666,False
464,7,15,000011,010100,010111,0-0---,2,0.3333333333333333,False
465,7,16,000011,101000,101011,-0-0--,2,0.3333333333333333,False
466,7,17,000011,010001,010010,0-00-1,4,0.6666666666666666,True
467,7,18,000011,100011,100000,-00011,5,0.8333333333333334,True
468,7,19,000011,000111,000100,000-11,5,0.8333333333333334,True
469,7,20,000011,001110,001101,00--1-,3,0.5,False
470,7,21,000011,011100,011111,0-----,1,0.16666666666666666,False
471,7,22,000011,111001,111010,---0-1,2,0.3333333333333333,True
472,7,23,000011,110010,110001,--001-,3,0.5,False
473,7,24,000011,100100,100111,-00---,2,0.3333333333333333,False
474,7,25,000011,001001,001010,00-0-1,4,0.6666666666666666,True
475,7,26,000011,010010,010001,0-001-,4,0.6666666666666666,False
476,7,27,000011,100101,100110,-00--1,3,0.5,True
477,7,28,000011,001011,001000,00-011,5,0.8333333333333334,True
478,7,29,000011,010110,010101,0-0-1-,3,0.5,False
479,7,30,000011,101100,101111,-0----,1,0.16666666666666666,False
480,7,31,000011,011001,011010,0--0-1,3,0.5,True
481,7,32,000011,110011,110000,--0011,4,0.6666666666666666,True
482,7,33,000011,100110,100101,-00-1-,3,0.5,False
483,7,34,000011,001101,001110,00---1,3,0.5,True
484,7,35,000011,011010,011001,0--01-,3,0.5,False
485,7,36,000011,110100,110111,--0---,1,0.16666666666666666,False
486,7,37,000011,101001,101010,-0-0-1,3,0.5,True
487,7,38,000011,010011,010000,0-0011,5,0.8333333333333334,True
488,7,39,000011,100111,100100,-00-11,4,0.6666666666666666,True
489,7,40,000011,001111,001100,00--11,4,0.6666666666666666,True
490,7,41,000011,011110,011101,0---1-,2,0.3333333333333333,False
491,7,42,000011,111101,111110,-----1,1,0.16666666666666666,True
492,7,43,000011,111010,111001,---01-,2,0.3333333333333333,False
493,7,44,000011,110101,110110,--0--1,2,0.3333333333333333,True
494,7,45,000011,101010,101001,-0-01-,3,0.5,False
495,7,46,000011,010101,010110,0-0--1,3,0.5,True
496,7,47,000011,101011,101000,-0-011,4,0.6666666666666666,True
497,7,48,000011,010111,010100,0-0-11,4,0.6666666666666666,True
498,7,49,000011,101110,101101,-0--1-,2,0.3333333333333333,False
499,7,50,000011,011101,011110,0----1,2,0.3333333333333333,True
500,7,51,000011,111011,111000,---011,3,0.5,True
501,7,52,000011,110110,110101,--0-1-,2,0.3333333333333333,False
502,7,53,000011,101101,101110,-0---1,2,0.3333333333333333,True
503,7,54,000011,011011,011000,0--011,4,0.6666666666666666,True
504,7,55,000011,110111,110100,--0-11,3,0.5,True
505,7,56,000011,101111,101100,-0--11,3,0.5,True
506,7,57,000011,011111,011100,0---11,3,0.5,True
507,7,58,000011,111111,111100,----11,2,0.3333333333333333,True
508,7,59,000011,111110,111101,----1-,1,0.16666666666666666,False
509,7,60,000011,111100,111111,------,0,0.0,False
510,7,61,000011,111000,111011,---0--,1,0.16666666666666666,False
511,7,62,000011,110000,110011,--00--,2,0.3333333333333333,False
512,7,63,000011,100000,100011,-000--,3,0.5,False
513,8,0,000110,000000,000110,000--0,4,0.6666666666666666,False
514,8,1,000110,000001,000111,000---,3,0.5,False
515,8,2,000110,000010,000100,000-10,5,0.8333333333333334,False
516,8,3,000110,000100,000010,0001-0,5,0.8333333333333334,False
517,8,4,000110,001000,001110,00---0,3,0.5,False
518,8,5,000110,010000,010110,0-0--0,3,0.5,False
519,8,6,000110,100001,100111,-00---,2,0.3333333333333333,False
520,8,7,000110,000011,000101,000-1-,4,0.6666666666666666,False
521,8,8,000110,000110,000000,000110,6,1.0,False
522,8,9,000110,001100,001010,00-1-0,4,0.6666666666666666,False
523,8,10,000110,011000,011110,0----0,2,0.3333333333333333,False
524,8,11,000110,110001,110111,--0---,1,0.16666666666666666,False
525,8,12,000110,100010,100100,-00-10,4,0.6666666666666666,False
526,8,13,000110,000101,000011,0001--,4,0.6666666666666666,False
527,8,14,000110,001010,001100,00--10,4,0.6666666666666666,False
528,8,15,000110,010100,010010,0-01-0,4,0.6666666666666666,False
529,8,16,000110,101000,101110,-0---0,2,0.3333333333333333,False
530,8,17,000110,010001,010111,0-0---,2,0.3333333333333333,False
531,8,18,000110,100011,100101,-00-1-,3,0.5,False
532,8,19,000110,000111,000001,00011-,5,0.8333333333333334,False
533,8,20,000110,001110,001000,00-110,5,0.8333333333333334,False
534,8,21,000110,011100,011010,0--1-0,3,0.5,False
535,8,22,000110,111001,111111,------,0,0.0,False
536,8,23,000110,110010,110100,--0-10,3,0.5,False
537,8,24,000110,100100,100010,-001-0,4,0.6666666666666666,False
538,8,25,000110,001001,001111,00----,2,0.3333333333333333,False
539,8,26,000110,010010,010100,0-0-10,4,0.6666666666666666,False
540,8,27,000110,100101,100011,-001--,3,0.5,False
541,8,28,000110,001011,001101,00--1-,3,0.5,False
542,8,29,000110,010110,010000,0-0110,5,0.8333333333333334,False
543,8,30,000110,101100,101010,-0-1-0,3,0.5,False
544,8,31,000110,011001,011111,0-----,1,0.16666666666666666,False
545,8,32,000110,110011,110101,--0-1-,2,0.3333333333333333,False
546,8,33,000110,100110,100000,-00110,5,0.8333333333333334,False
547,8,34,000110,001101,001011,00-1--,3,0.5,False
548,8,35,000110,011010,011100,0---10,3,0.5,False
549,8,36,000110,110100,110010,--01-0,3,0.5,False
550,8,37,000110,101001,101111,-0----,1,0.16666666666666666,False
551,8,38,000110,010011,010101,0-0-1-,3,0.5,False
552,8,39,000110,100111,100001,-0011-,4,0.6666666666666666,False
553,8,40,000110,001111,001001,00-11-,4,0.6666666666666666,False
554,8,41,000110,011110,011000,0--110,4,0.6666666666666666,False
555,8,42,000110,111101,111011,---1--,1,0.16666666666666666,False
556,8,43,000110,111010,111100,----10,2,0.3333333333333333,False
557,8,44,000110,110101,110011,--01--,2,0.3333333333333333,False
558,8,45,000110,101010,101100,-0--10,3,0.5,False
559,8,46,000110,010101,010011,0-01--,3,0.5,False
560,8,47,000110,101011,101101,-0--1-,2,0.3333333333333333,False
561,8,48,000110,010111,010001,0-011-,4,0.6666666666666666,False
562,8,49,000110,101110,101000,-0-110,4,0.6666666666666666,False
563,8,50,000110,011101,011011,0--1--,2,0.3333333333333333,False
564,8,51,000110,111011,111101,----1-,1,0.16666666666666666,False
565,8,52,000110,110110,110000,--0110,4,0.6666666666666666,False
566,8,53,000110,101101,101011,-0-1--,2,0.3333333333333333,False
567,8,54,000110,011011,011101,0---1-,2,0.3333333333333333,False
568,8,55,000110,110111,110001,--011-,3,0.5,False
569,8,56,000110,101111,101001,-0-11-,3,0.5,False
570,8,57,000110,011111,011001,0--11-,3,0.5,False
571,8,58,000110,111111,111001,---11-,2,0.3333333333333333,False
572,8,59,000110,111110,111000,---110,3,0.5,False
573,8,60,000110,111100,111010,---1-0,2,0.3333333333333333,False
574,8,61,000110,111000,111110,-----0,1,0.16666666666666666,False
575,8,62,000110,110000,110110,--0--0,2,0.3333333333333333,False
576,8,63,000110,100000,100110,-00--0,3,0.5,False
577,9,0,001100,000000,001100,00--00,4,0.6666666666666666,False
578,9,1,001100,000001,001101,00--0-,3,0.5,False
579,9,2,001100,000010,001110,00---0,3,0.5,False
580,9,3,001100,000100,001000,00-100,5,0.8333333333333334,False
581,9,4,001100,001000,000100,001-00,5,0.8333333333333334,False
582,9,5,001100,010000,011100,0---00,3,0.5,False
583,9,6,001100,100001,101101,-0--0-,2,0.3333333333333333,False
584,9,7,001100,000011,001111,00----,2,0.3333333333333333,False
585,9,8,001100,000110,001010,00-1-0,4,0.6666666666666666,False
586,9,9,001100,001100,000000,001100,6,1.0,False
587,9,10,001100,011000,010100,0-1-00,4,0.6666666666666666,False
588,9,11,001100,110001,111101,----0-,1,0.16666666666666666,False
589,9,12,001100,100010,101110,-0---0,2,0.3333333333333333,False
590,9,13,001100,000101,001001,00-10-,4,0.6666666666666666,False
591,9,14,001100,001010,000110,001--0,4,0.6666666666666666,False
592,9,15,001100,010100,011000,0--100,4,0.6666666666666666,False
593,9,16,001100,101000,100100,-01-00,4,0.6666666666666666,False
594,9,17,001100,010001,011101,0---0-,2,0.3333333333333333,False
595,9,18,001100,100011,101111,-0----,1,0.16666666666666666,False
596,9,19,001100,000111,001011,00-1--,3,0.5,False
597,9,20,001100,001110,000010,0011-0,5,0.8333333333333334,False
598,9,21,001100,011100,010000,0-1100,5,0.8333333333333334,False
599,9,22,001100,111001,110101,--1-0-,2,0.3333333333333333,False
600,9,23,001100,110010,111110,-----0,1,0.16666666666666666,False
601,9,24,001100,100100,101000,-0-100,4,0.6666666666666666,False
602,9,25,001100,001001,000101,001-0-,4,0.6666666666666666,False
603,9,26,001100,010010,011110,0----0,2,0.3333333333333333,False
604,9,27,001100,100101,101001,-0-10-,3,0.5,False
605,9,28,001100,001011,000111,001---,3,0.5,False
606,9,29,001100,010110,011010,0--1-0,3,0.5,False
607,9,30,001100,101100,100000,-01100,5,0.8333333333333334,False
608,9,31,001100,011001,010101,0-1-0-,3,0.5,False
609,9,32,001100,110011,111111,------,0,0.0,False
610,9,33,001100,100110,101010,-0-1-0,3,0.5,False
611,9,34,001100,001101,000001,00110-,5,0.8333333333333334,False
612,9,35,001100,011010,010110,0-1--0,3,0.5,False
613,9,36,001100,110100,111000,---100,3,0.5,False
614,9,37,001100,101001,100101,-01-0-,3,0.5,False
615,9,38,001100,010011,011111,0-----,1,0.16666666666666666,False
616,9,39,001100,100111,101011,-0-1--,2,0.3333333333333333,False
617,9,40,001100,001111,000011,0011--,4,0.6666666666666666,False
618,9,41,001100,011110,010010,0-11-0,4,0.6666666666666666,False
619,9,42,001100,111101,110001,--110-,3,0.5,False
620,9,43,001100,111010,110110,--1--0,2,0.3333333333333333,False
621,9,44,001100,110101,111001,---10-,2,0.3333333333333333,False
622,9,45,001100,101010,100110,-01--0,3,0.5,False
623,9,46,001100,010101,011001,0--10-,3,0.5,False
624,9,47,001100,101011,100111,-01---,2,0.3333333333333333,False
625,9,48,001100,010111,011011,0--1--,2,0.3333333333333333,False
626,9,49,001100,101110,100010,-011-0,4,0.6666666666666666,False
627,9,50,001100,011101,010001,0-110-,4,0.6666666666666666,False
628,9,51,001100,111011,110111,--1---,1,0.16666666666666666,False
629,9,52,001100,110110,111010,---1-0,2,0.3333333333333333,False
630,9,53,001100,101101,100001,-0110-,4,0.6666666666666666,False
631,9,54,001100,011011,010111,0-1---,2,0.3333333333333333,False
632,9,55,001100,110111,111011,---1--,1,0.16666666666666666,False
633,9,56,001100,101111,100011,-011--,3,0.5,False
634,9,57,001100,011111,010011,0-11--,3,0.5,False
635,9,58,001100,111111,110011,--11--,2,0.3333333333333333,False
636,9,59,001100,111110,110010,--11-0,3,0.5,False
637,9,60,001100,111100,110000,--1100,4,0.6666666666666666,False
638,9,61,001100,111000,110100,--1-00,3,0.5,False
639,9,62,001100,110000,111100,----00,2,0.3333333333333333,False
640,9,63,001100,100000,101100,-0--00,3,0.5,False
641,10,0,011000,000000,011000,0--000,4,0.6666666666666666,False
642,10,1,011000,000001,011001,0--00-,3,0.5,False
643,10,2,011000,000010,011010,0--0-0,3,0.5,False
644,10,3,011000,000100,011100,0---00,3,0.5,False
645,10,4,011000,001000,010000,0-1000,5,0.8333333333333334,False
646,10,5,011000,010000,001000,01-000,5,0.8333333333333334,False
647,10,6,011000,100001,111001,---00-,2,0.3333333333333333,False
648,10,7,011000,000011,011011,0--0--,2,0.3333333333333333,False
649,10,8,011000,000110,011110,0----0,2,0.3333333333333333,False
650,10,9,011000,001100,010100,0-1-00,4,0.6666666666666666,False
651,10,10,011000,011000,000000,011000,6,1.0,False
652,10,11,011000,110001,101001,-1-00-,3,0.5,False
653,10,12,011000,100010,111010,---0-0,2,0.3333333333333333,False
654,10,13,011000,000101,011101,0---0-,2,0.3333333333333333,False
655,10,14,011000,001010,010010,0-10-0,4,0.6666666666666666,False
656,10,15,011000,010100,001100,01--00,4,0.6666666666666666,False
657,10,16,011000,101000,110000,--1000,4,0.6666666666666666,False
658,10,17,011000,010001,001001,01-00-,4,0.6666666666666666,False
659,10,18,011000,100011,111011,---0--,1,0.16666666666666666,False
660,10,19,011000,000111,011111,0-----,1,0.16666666666666666,False
661,10,20,011000,001110,010110,0-1--0,3,0.5,False
662,10,21,011000,011100,000100,011-00,5,0.8333333333333334,False
663,10,22,011000,111001,100001,-1100-,4,0.6666666666666666,False
664,10,23,011000,110010,101010,-1-0-0,3,0.5,False
665,10,24,011000,100100,111100,----00,2,0.3333333333333333,False
666,10,25,011000,001001,010001,0-100-,4,0.6666666666666666,False
667,10,26,011000,010010,001010,01-0-0,4,0.6666666666666666,False
668,10,27,011000,100101,111101,----0-,1,0.16666666666666666,False
669,10,28,011000,001011,010011,0-10--,3,0.5,False
670,10,29,011000,010110,001110,01---0,3,0.5,False
671,10,30,011000,101100,110100,--1-00,3,0.5,False
672,10,31,011000,011001,000001,01100-,5,0.8333333333333334,False
673,10,32,011000,110011,101011,-1-0--,2,0.3333333333333333,False
674,10,33,011000,100110,111110,-----0,1,0.16666666666666666,False
675,10,34,011000,001101,010101,0-1-0-,3,0.5,False
676,10,35,011000,011010,000010,0110-0,5,0.8333333333333334,False
677,10,36,011000,110100,101100,-1--00,3,0.5,False
678,10,37,011000,101001,110001,--100-,3,0.5,False
679,10,38,011000,010011,001011,01-0--,3,0.5,False
680,10,39,011000,100111,111111,------,0,0.0,False
681,10,40,011000,001111,010111,0-1---,2,0.3333333333333333,False
682,10,41,011000,011110,000110,011--0,4,0.6666666666666666,False
683,10,42,011000,111101,100101,-11-0-,3,0.5,False
684,10,43,011000,111010,100010,-110-0,4,0.6666666666666666,False
685,10,44,011000,110101,101101,-1--0-,2,0.3333333333333333,False
686,10,45,011000,101010,110010,--10-0,3,0.5,False
687,10,46,011000,010101,001101,01--0-,3,0.5,False
688,10,47,011000,101011,110011,--10--,2,0.3333333333333333,False
689,10,48,011000,010111,001111,01----,2,0.3333333333333333,False
690,10,49,011000,101110,110110,--1--0,2,0.3333333333333333,False
691,10,50,011000,011101,000101,011-0-,4,0.6666666666666666,False
692,10,51,011000,111011,100011,-110--,3,0.5,False
693,10,52,011000,110110,101110,-1---0,2,0.3333333333333333,False
694,10,53,011000,101101,110101,--1-0-,2,0.3333333333333333,False
695,10,54,011000,011011,000011,0110--,4,0.6666666666666666,False
696,10,55,011000,110111,101111,-1----,1,0.16666666666666666,False
697,10,56,011000,101111,110111,--1---,1,0.16666666666666666,False
698,10,57,011000,011111,000111,011---,3,0.5,False
699,10,58,011000,111111,100111,-11---,2,0.3333333333333333,False
700,10,59,011000,111110,100110,-11--0,3,0.5,False
701,10,60,011000,111100,100100,-11-00,4,0.6666666666666666,False
702,10,61,011000,111000,100000,-11000,5,0.8333333333333334,False
703,10,62,011000,110000,101000,-1-000,4,0.6666666666666666,False
704,10,63,011000,100000,111000,---000,3,0.5,False
705,11,0,110001,000000,110001,--000-,3,0.5,False
706,11,1,110001,000001,110000,--0001,4,0.6666666666666666,True
707,11,2,110001,000010,110011,--00--,2,0.3333333333333333,False
708,11,3,110001,000100,110101,--0-0-,2,0.3333333333333333,False
709,11,4,110001,001000,111001,---00-,2,0.3333333333333333,False
710,11,5,110001,010000,100001,-1000-,4,0.6666666666666666,False
711,11,6,110001,100001,010000,1-0001,5,0.8333333333333334,True
712,11,7,110001,000011,110010,--00-1,3,0.5,True
713,11,8,110001,000110,110111,--0---,1,0.16666666666666666,False
714,11,9,110001,001100,111101,----0-,1,0.16666666666666666,False
715,11,10,110001,011000,101001,-1-00-,3,0.5,False
716,11,11,110001,110001,000000,110001,6,1.0,True
717,11,12,110001,100010,010011,1-00--,3,0.5,True
718,11,13,110001,000101,110100,--0-01,3,0.5,True
719,11,14,110001,001010,111011,---0--,1,0.16666666666666666,False
720,11,15,110001,010100,100101,-10-0-,3,0.5,False
721,11,16,110001,101000,011001,1--00-,3,0.5,True
722,11,17,110001,010001,100000,-10001,5,0.8333333333333334,True
723,11,18,110001,100011,010010,1-00-1,4,0.6666666666666666,True
724,11,19,110001,000111,110110,--0--1,2,0.3333333333333333,True
725,11,20,110001,001110,111111,------,0,0.0,False
726,11,21,110001,011100,101101,-1--0-,2,0.3333333333333333,False
727,11,22,110001,111001,001000,11-001,5,0.8333333333333334,True
728,11,23,110001,110010,000011,1100--,4,0.6666666666666666,True
729,11,24,110001,100100,010101,1-0-0-,3,0.5,True
730,11,25,110001,001001,111000,---001,3,0.5,True
731,11,26,110001,010010,100011,-100--,3,0.5,False
732,11,27,110001,100101,010100,1-0-01,4,0.6666666666666666,True
733,11,28,110001,001011,111010,---0-1,2,0.3333333333333333,True
734,11,29,110001,010110,100111,-10---,2,0.3333333333333333,False
735,11,30,110001,101100,011101,1---0-,2,0.3333333333333333,True
736,11,31,110001,011001,101000,-1-001,4,0.6666666666666666,True
737,11,32,110001,110011,000010,1100-1,5,0.8333333333333334,True
738,11,33,110001,100110,010111,1-0---,2,0.3333333333333333,True
739,11,34,110001,001101,111100,----01,2,0.3333333333333333,True
740,11,35,110001,011010,101011,-1-0--,2,0.3333333333333333,False
741,11,36,110001,110100,000101,110-0-,4,0.6666666666666666,True
742,11,37,110001,101001,011000,1--001,4,0.6666666666666666,True
743,11,38,110001,010011,100010,-100-1,4,0.6666666666666666,True
744,11,39,110001,100111,010110,1-0--1,3,0.5,True
745,11,40,110001,001111,111110,-----1,1,0.16666666666666666,True
746,11,41,110001,011110,101111,-1----,1,0.16666666666666666,False
747,11,42,110001,111101,001100,11--01,4,0.6666666666666666,True
748,11,43,110001,111010,001011,11-0--,3,0.5,True
749,11,44,110001,110101,000100,110-01,5,0.8333333333333334,True
750,11,45,110001,101010,011011,1--0--,2,0.3333333333333333,True
751,11,46,110001,010101,100100,-10-01,4,0.6666666666666666,True
752,11,47,110001,101011,011010,1--0-1,3,0.5,True
753,11,48,110001,010111,100110,-10--1,3,0.5,True
754,11,49,110001,101110,011111,1-----,1,0.16666666666666666,True
755,11,50,110001,011101,101100,-1--01,3,0.5,True
756,11,51,110001,111011,001010,11-0-1,4,0.6666666666666666,True
757,11,52,110001,110110,000111,110---,3,0.5,True
758,11,53,110001,101101,011100,1---01,3,0.5,True
759,11,54,110001,011011,101010,-1-0-1,3,0.5,True
760,11,55,110001,110111,000110,110--1,4,0.6666666666666666,True
761,11,56,110001,101111,011110,1----1,2,0.3333333333333333,True
762,11,57,110001,011111,101110,-1---1,2,0.3333333333333333,True
763,11,58,110001,111111,001110,11---1,3,0.5,True
764,11,59,110001,111110,001111,11----,2,0.3333333333333333,True
765,11,60,110001,111100,001101,11--0-,3,0.5,True
766,11,61,110001,111000,001001,11-00-,4,0.6666666666666666,True
767,11,62,110001,110000,000001,11000-,5,0.8333333333333334,True
768,11,63,110001,100000,010001,1-000-,4,0.6666666666666666,True
769,12,0,100010,000000,100010,-000-0,4,0.6666666666666666,False
770,12,1,100010,000001,100011,-000--,3,0.5,False
771,12,2,100010,000010,100000,-00010,5,0.8333333333333334,False
772,12,3,100010,000100,100110,-00--0,3,0.5,False
773,12,4,100010,001000,101010,-0-0-0,3,0.5,False
774,12,5,100010,010000,110010,--00-0,3,0.5,False
775,12,6,100010,100001,000011,1000--,4,0.6666666666666666,True
776,12,7,100010,000011,100001,-0001-,4,0.6666666666666666,False
777,12,8,100010,000110,100100,-00-10,4,0.6666666666666666,False
778,12,9,100010,001100,101110,-0---0,2,0.3333333333333333,False
779,12,10,100010,011000,111010,---0-0,2,0.3333333333333333,False
780,12,11,100010,110001,010011,1-00--,3,0.5,True
781,12,12,100010,100010,000000,100010,6,1.0,True
782,12,13,100010,000101,100111,-00---,2,0.3333333333333333,False
783,12,14,100010,001010,101000,-0-010,4,0.6666666666666666,False
784,12,15,100010,010100,110110,--0--0,2,0.3333333333333333,False
785,12,16,100010,101000,001010,10-0-0,4,0.6666666666666666,True
786,12,17,100010,010001,110011,--00--,2,0.3333333333333333,False
787,12,18,100010,100011,000001,10001-,5,0.8333333333333334,True
788,12,19,100010,000111,100101,-00-1-,3,0.5,False
789,12,20,100010,001110,101100,-0--10,3,0.5,False
790,12,21,100010,011100,111110,-----0,1,0.16666666666666666,False
791,12,22,100010,111001,011011,1--0--,2,0.3333333333333333,True
792,12,23,100010,110010,010000,1-0010,5,0.8333333333333334,True
793,12,24,100010,100100,000110,100--0,4,0.6666666666666666,True
794,12,25,100010,001001,101011,-0-0--,2,0.3333333333333333,False
795,12,26,100010,010010,110000,--0010,4,0.6666666666666666,False
796,12,27,100010,100101,000111,100---,3,0.5,True
797,12,28,100010,001011,101001,-0-01-,3,0.5,False
798,12,29,100010,010110,110100,--0-10,3,0.5,False
799,12,30,100010,101100,001110,10---0,3,0.5,True
800,12,31,100010,011001,111011,---0--,1,0.16666666666666666,False
801,12,32,100010,110011,010001,1-001-,4,0.6666666666666666,True
802,12,33,100010,100110,000100,100-10,5,0.8333333333333334,True
803,12,34,100010,001101,101111,-0----,1,0.16666666666666666,False
804,12,35,100010,011010,111000,---010,3,0.5,False
805,12,36,100010,110100,010110,1-0--0,3,0.5,True
806,12,37,100010,101001,001011,10-0--,3,0.5,True
807,12,38,100010,010011,110001,--001-,3,0.5,False
808,12,39,100010,100111,000101,100-1-,4,0.6666666666666666,True
809,12,40,100010,001111,101101,-0--1-,2,0.3333333333333333,False
810,12,41,100010,011110,111100,----10,2,0.3333333333333333,False
811,12,42,100010,111101,011111,1-----,1,0.16666666666666666,True
812,12,43,100010,111010,011000,1--010,4,0.6666666666666666,True
813,12,44,100010,110101,010111,1-0---,2,0.3333333333333333,True
814,12,45,100010,101010,001000,10-010,5,0.8333333333333334,True
815,12,46,100010,010101,110111,--0---,1,0.16666666666666666,False
816,12,47,100010,101011,001001,10-01-,4,0.6666666666666666,True
817,12,48,100010,010111,110101,--0-1-,2,0.3333333333333333,False
818,12,49,100010,101110,001100,10--10,4,0.6666666666666666,True
819,12,50,100010,011101,111111,------,0,0.0,False
820,12,51,100010,111011,011001,1--01-,3,0.5,True
821,12,52,100010,110110,010100,1-0-10,4,0.6666666666666666,True
822,12,53,100010,101101,001111,10----,2,0.3333333333333333,True
823,12,54,100010,011011,111001,---01-,2,0.3333333333333333,False
824,12,55,100010,110111,010101,1-0-1-,3,0.5,True
825,12,56,100010,101111,001101,10--1-,3,0.5,True
826,12,57,100010,011111,111101,----1-,1,0.16666666666666666,False
827,12,58,100010,111111,011101,1---1-,2,0.3333333333333333,True
828,12,59,100010,111110,011100,1---10,3,0.5,True
829,12,60,100010,111100,011110,1----0,2,0.3333333333333333,True
830,12,61,100010,111000,011010,1--0-0,3,0.5,True
831,12,62,100010,110000,010010,1-00-0,4,0.6666666666666666,True
832,12,63,100010,100000,000010,1000-0,5,0.8333333333333334,True
833,13,0,000101,000000,000101,000-0-,4,0.6666666666666666,False
834,13,1,000101,000001,000100,000-01,5,0.8333333333333334,True
835,13,2,000101,000010,000111,000---,3,0.5,False
836,13,3,000101,000100,000001,00010-,5,0.8333333333333334,False
837,13,4,000101,001000,001101,00--0-,3,0.5,False
838,13,5,000101,010000,010101,0-0-0-,3,0.5,False
839,13,6,000101,100001,100100,-00-01,4,0.6666666666666666,True
840,13,7,000101,000011,000110,000--1,4,0.6666666666666666,True
841,13,8,000101,000110,000011,0001--,4,0.6666666666666666,False
842,13,9,000101,001100,001001,00-10-,4,0.6666666666666666,False
843,13,10,000101,011000,011101,0---0-,2,0.3333333333333333,False
844,13,11,000101,110001,110100,--0-01,3,0.5,True
845,13,12,000101,100010,100111,-00---,2,0.3333333333333333,False
846,13,13,000101,000101,000000,000101,6,1.0,True
847,13,14,000101,001010,001111,00----,2,0.3333333333333333,False
848,13,15,000101,010100,010001,0-010-,4,0.6666666666666666,False
849,13,16,000101,101000,101101,-0--0-,2,0.3333333333333333,False
850,13,17,000101,010001,010100,0-0-01,4,0.6666666666666666,True
851,13,18,000101,100011,100110,-00--1,3,0.5,True
852,13,19,000101,000111,000010,0001-1,5,0.8333333333333334,True
853,13,20,000101,001110,001011,00-1--,3,0.5,False
854,13,21,000101,011100,011001,0--10-,3,0.5,False
855,13,22,000101,111001,111100,----01,2,0.3333333333333333,True
856,13,23,000101,110010,110111,--0---,1,0.16666666666666666,False
857,13,24,000101,100100,100001,-0010-,4,0.6666666666666666,False
858,13,25,000101,001001,001100,00--01,4,0.6666666666666666,True
859,13,26,000101,010010,010111,0-0---,2,0.3333333333333333,False
860,13,27,000101,100101,100000,-00101,5,0.8333333333333334,True
861,13,28,000101,001011,001110,00---1,3,0.5,True
862,13,29,000101,010110,010011,0-01--,3,0.5,False
863,13,30,000101,101100,101001,-0-10-,3,0.5,False
864,13,31,000101,011001,011100,0---01,3,0.5,True
865,13,32,000101,110011,110110,--0--1,2,0.3333333333333333,True
866,13,33,000101,100110,100011,-001--,3,0.5,False
867,13,34,000101,001101,001000,00-101,5,0.8333333333333334,True
868,13,35,000101,011010,011111,0-----,1,0.16666666666666666,False
869,13,36,000101,110100,110001,--010-,3,0.5,False
870,13,37,000101,101001,101100,-0--01,3,0.5,True
871,13,38,000101,010011,010110,0-0--1,3,0.5,True
872,13,39,000101,100111,100010,-001-1,4,0.6666666666666666,True
873,13,40,000101,001111,001010,00-1-1,4,0.6666666666666666,True
874,13,41,000101,011110,011011,0--1--,2,0.3333333333333333,False
875,13,42,000101,111101,111000,---101,3,0.5,True
876,13,43,000101,111010,111111,------,0,0.0,False
877,13,44,000101,110101,110000,--0101,4,0.6666666666666666,True
878,13,45,000101,101010,101111,-0----,1,0.16666666666666666,False
879,13,46,000101,010101,010000,0-0101,5,0.8333333333333334,True
880,13,47,000101,101011,101110,-0---1,2,0.3333333333333333,True
881,13,48,000101,010111,010010,0-01-1,4,0.6666666666666666,True
882,13,49,000101,101110,101011,-0-1--,2,0.3333333333333333,False
883,13,50,000101,011101,011000,0--101,4,0.6666666666666666,True
884,13,51,000101,111011,111110,-----1,1,0.16666666666666666,True
885,13,52,000101,110110,110011,--01--,2,0.3333333333333333,False
886,13,53,000101,101101,101000,-0-101,4,0.6666666666666666,True
887,13,54,000101,011011,011110,0----1,2,0.3333333333333333,True
888,13,55,000101,110111,110010,--01-1,3,0.5,True
889,13,56,000101,101111,101010,-0-1-1,3,0.5,True
890,13,57,000101,011111,011010,0--1-1,3,0.5,True
891,13,58,000101,111111,111010,---1-1,2,0.3333333333333333,True
892,13,59,000101,111110,111011,---1--,1,0.16666666666666666,False
893,13,60,000101,111100,111001,---10-,2,0.3333333333333333,False
894,13,61,000101,111000,111101,----0-,1,0.16666666666666666,False
895,13,62,000101,110000,110101,--0-0-,2,0.3333333333333333,False
896,13,63,000101,100000,100101,-00-0-,3,0.5,False
897,14,0,001010,000000,001010,00-0-0,4,0.6666666666666666,False
898,14,1,001010,000001,001011,00-0--,3,0.5,False
899,14,2,001010,000010,001000,00-010,5,0.8333333333333334,False
900,14,3,001010,000100,001110,00---0,3,0.5,False
901,14,4,001010,001000,000010,0010-0,5,0.8333333333333334,False
902,14,5,001010,010000,011010,0--0-0,3,0.5,False
903,14,6,001010,100001,101011,-0-0--,2,0.3333333333333333,False
904,14,7,001010,000011,001001,00-01-,4,0.6666666666666666,False
905,14,8,001010,000110,001100,00--10,4,0.6666666666666666,False
906,14,9,001010,001100,000110,001--0,4,0.6666666666666666,False
907,14,10,001010,011000,010010,0-10-0,4,0.6666666666666666,False
908,14,11,001010,110001,111011,---0--,1,0.16666666666666666,False
909,14,12,001010,100010,101000,-0-010,4,0.6666666666666666,False
910,14,13,001010,000101,001111,00----,2,0.3333333333333333,False
911,14,14,001010,001010,000000,001010,6,1.0,False
912,14,15,001010,010100,011110,0----0,2,0.3333333333333333,False
913,14,16,001010,101000,100010,-010-0,4,0.6666666666666666,False
914,14,17,001010,010001,011011,0--0--,2,0.3333333333333333,False
915,14,18,001010,100011,101001,-0-01-,3,0.5,False
916,14,19,001010,000111,001101,00--1-,3,0.5,False
917,14,20,001010,001110,000100,001-10,5,0.8333333333333334,False
918,14,21,001010,011100,010110,0-1--0,3,0.5,False
919,14,22,001010,111001,110011,--10--,2,0.3333333333333333,False
920,14,23,001010,110010,111000,---010,3,0.5,False
921,14,24,001010,100100,101110,-0---0,2,0.3333333333333333,False
922,14,25,001010,001001,000011,0010--,4,0.6666666666666666,False
923,14,26,001010,010010,011000,0--010,4,0.6666666666666666,False
924,14,27,001010,100101,101111,-0----,1,0.16666666666666666,False
925,14,28,001010,001011,000001,00101-,5,0.8333333333333334,False
926,14,29,001010,010110,011100,0---10,3,0.5,False
927,14,30,001010,101100,100110,-01--0,3,0.5,False
928,14,31,001010,011001,010011,0-10--,3,0.5,False
929,14,32,001010,110011,111001,---01-,2,0.3333333333333333,False
930,14,33,001010,100110,101100,-0--10,3,0.5,False
931,14,34,001010,001101,000111,001---,3,0.5,False
932,14,35,001010,011010,010000,0-1010,5,0.8333333333333334,False
933,14,36,001010,110100,111110,-----0,1,0.16666666666666666,False
934,14,37,001010,101001,100011,-010--,3,0.5,False
935,14,38,001010,010011,011001,0--01-,3,0.5,False
936,14,39,001010,100111,101101,-0--1-,2,0.3333333333333333,False
937,14,40,001010,001111,000101,001-1-,4,0.6666666666666666,False
938,14,41,001010,011110,010100,0-1-10,4,0.6666666666666666,False
939,14,42,001010,111101,110111,--1---,1,0.16666666666666666,False
940,14,43,001010,111010,110000,--1010,4,0.6666666666666666,False
941,14,44,001010,110101,111111,------,0,0.0,False
942,14,45,001010,101010,100000,-01010,5,0.8333333333333334,False
943,14,46,001010,010101,011111,0-----,1,0.16666666666666666,False
944,14,47,001010,101011,100001,-0101-,4,0.6666666666666666,False
945,14,48,001010,010111,011101,0---1-,2,0.3333333333333333,False
946,14,49,001010,101110,100100,-01-10,4,0.6666666666666666,False
947,14,50,001010,011101,010111,0-1---,2,0.3333333333333333,False
948,14,51,001010,111011,110001,--101-,3,0.5,False
949,14,52,001010,110110,111100,----10,2,0.3333333333333333,False
950,14,53,001010,101101,100111,-01---,2,0.3333333333333333,False
951,14,54,001010,011011,010001,0-101-,4,0.6666666666666666,False
952,14,55,001010,110111,111101,----1-,1,0.16666666666666666,False
953,14,56,001010,101111,100101,-01-1-,3,0.5,False
954,14,57,001010,011111,010101,0-1-1-,3,0.5,False
955,14,58,001010,111111,110101,--1-1-,2,0.3333333333333333,False
956,14,59,001010,111110,110100,--1-10,3,0.5,False
957,14,60,001010,111100,110110,--1--0,2,0.3333333333333333,False
958,14,61,001010,111000,110010,--10-0,3,0.5,False
959,14,62,001010,110000,111010,---0-0,2,0.3333333333333333,False
960,14,63,001010,100000,101010,-0-0-0,3,0.5,False
961,15,0,010100,000000,010100,0-0-00,4,0.6666666666666666,False
962,15,1,010100,000001,010101,0-0-0-,3,0.5,False
963,15,2,010100,000010,010110,0-0--0,3,0.5,False
964,15,3,010100,000100,010000,0-0100,5,0.8333333333333334,False
965,15,4,010100,001000,011100,0---00,3,0.5,False
966,15,5,010100,010000,000100,010-00,5,0.8333333333333334,False
967,15,6,010100,100001,110101,--0-0-,2,0.3333333333333333,False
968,15,7,010100,000011,010111,0-0---,2,0.3333333333333333,False
969,15,8,010100,000110,010010,0-01-0,4,0.6666666666666666,False
970,15,9,010100,001100,011000,0--100,4,0.6666666666666666,False
971,15,10,010100,011000,001100,01--00,4,0.6666666666666666,False
972,15,11,010100,110001,100101,-10-0-,3,0.5,False
973,15,12,010100,100010,110110,--0--0,2,0.3333333333333333,False
974,15,13,010100,000101,010001,0-010-,4,0.6666666666666666,False
975,15,14,010100,001010,011110,0----0,2,0.3333333333333333,False
976,15,15,010100,010100,000000,010100,6,1.0,False
977,15,16,010100,101000,111100,----00,2,0.3333333333333333,False
978,15,17,010100,010001,000101,010-0-,4,0.6666666666666666,False
979,15,18,010100,100011,110111,--0---,1,0.16666666666666666,False
980,15,19,010100,000111,010011,0-01--,3,0.5,False
981,15,20,010100,001110,011010,0--1-0,3,0.5,False
982,15,21,010100,011100,001000,01-100,5,0.8333333333333334,False
983,15,22,010100,111001,101101,-1--0-,2,0.3333333333333333,False
984,15,23,010100,110010,100110,-10--0,3,0.5,False
985,15,24,010100,100100,110000,--0100,4,0.6666666666666666,False
986,15,25,010100,001001,011101,0---0-,2,0.3333333333333333,False
987,15,26,010100,010010,000110,010--0,4,0.6666666666666666,False
988,15,27,010100,100101,110001,--010-,3,0.5,False
989,15,28,010100,001011,011111,0-----,1,0.16666666666666666,False
990,15,29,010100,010110,000010,0101-0,5,0.8333333333333334,False
991,15,30,010100,101100,111000,---100,3,0.5,False
992,15,31,010100,011001,001101,01--0-,3,0.5,False
993,15,32,010100,110011,100111,-10---,2,0.3333333333333333,False
994,15,33,010100,100110,110010,--01-0,3,0.5,False
995,15,34,010100,001101,011001,0--10-,3,0.5,False
996,15,35,010100,011010,001110,01---0,3,0.5,False
997,15,36,010100,110100,100000,-10100,5,0.8333333333333334,False
998,15,37,010100,101001,111101,----0-,1,0.16666666666666666,False
999,15,38,010100,010011,000111,010---,3,0.5,False
1000,15,39,010100,100111,110011,--01--,2,0.3333333333333333,False
1001,15,40,010100,001111,011011,0--1--,2,0.3333333333333333,False
1002,15,41,010100,011110,001010,01-1-0,4,0.6666666666666666,False
1003,15,42,010100,111101,101001,-1-10-,3,0.5,False
1004,15,43,010100,111010,101110,-1---0,2,0.3333333333333333,False
1005,15,44,010100,110101,100001,-1010-,4,0.6666666666666666,False
1006,15,45,010100,101010,111110,-----0,1,0.16666666666666666,False
1007,15,46,010100,010101,000001,01010-,5,0.8333333333333334,False
1008,15,47,010100,101011,111111,------,0,0.0,False
1009,15,48,010100,010111,000011,0101--,4,0.6666666666666666,False
1010,15,49,010100,101110,111010,---1-0,2,0.3333333333333333,False
1011,15,50,010100,011101,001001,01-10-,4,0.6666666666666666,False
1012,15,51,010100,111011,101111,-1----,1,0.16666666666666666,False
1013,15,52,010100,110110,100010,-101-0,4,0.6666666666666666,False
1014,15,53,010100,101101,111001,---10-,2,0.3333333333333333,False
1015,15,54,010100,011011,001111,01----,2,0.3333333333333333,False
1016,15,55,010100,110111,100011,-101--,3,0.5,False
1017,15,56,010100,101111,111011,---1--,1,0.16666666666666666,False
1018,15,57,010100,011111,001011,01-1--,3,0.5,False
1019,15,58,010100,111111,101011,-1-1--,2,0.3333333333333333,False
1020,15,59,010100,111110,101010,-1-1-0,3,0.5,False
1021,15,60,010100,111100,101000,-1-100,4,0.6666666666666666,False
1022,15,61,010100,111000,101100,-1--00,3,0.5,False
1023,15,62,010100,110000,100100,-10-00,4,0.6666666666666666,False
1024,15,63,010100,100000,110100,--0-00,3,0.5,False
1025,16,0,101000,000000,101000,-0-000,4,0.6666666666666666,False
1026,16,1,101000,000001,101001,-0-00-,3,0.5,False
1027,16,2,101000,000010,101010,-0-0-0,3,0.5,False
1028,16,3,101000,000100,101100,-0--00,3,0.5,False
1029,16,4,101000,001000,100000,-01000,5,0.8333333333333334,False
1030,16,5,101000,010000,111000,---000,3,0.5,False
1031,16,6,101000,100001,001001,10-00-,4,0.6666666666666666,True
1032,16,7,101000,000011,101011,-0-0--,2,0.3333333333333333,False
1033,16,8,101000,000110,101110,-0---0,2,0.3333333333333333,False
1034,16,9,101000,001100,100100,-01-00,4,0.6666666666666666,False
1035,16,10,101000,011000,110000,--1000,4,0.6666666666666666,False
1036,16,11,101000,110001,011001,1--00-,3,0.5,True
1037,16,12,101000,100010,001010,10-0-0,4,0.6666666666666666,True
1038,16,13,101000,000101,101101,-0--0-,2,0.3333333333333333,False
1039,16,14,101000,001010,100010,-010-0,4,0.6666666666666666,False
1040,16,15,101000,010100,111100,----00,2,0.3333333333333333,False
1041,16,16,101000,101000,000000,101000,6,1.0,True
1042,16,17,101000,010001,111001,---00-,2,0.3333333333333333,False
1043,16,18,101000,100011,001011,10-0--,3,0.5,True
1044,16,19,101000,000111,101111,-0----,1,0.16666666666666666,False
1045,16,20,101000,001110,100110,-01--0,3,0.5,False
1046,16,21,101000,011100,110100,--1-00,3,0.5,False
1047,16,22,101000,111001,010001,1-100-,4,0.6666666666666666,True
1048,16,23,101000,110010,011010,1--0-0,3,0.5,True
1049,16,24,101000,100100,001100,10--00,4,0.6666666666666666,True
1050,16,25,101000,001001,100001,-0100-,4,0.6666666666666666,False
1051,16,26,101000,010010,111010,---0-0,2,0.3333333333333333,False
1052,16,27,101000,100101,001101,10--0-,3,0.5,True
1053,16,28,101000,001011,100011,-010--,3,0.5,False
1054,16,29,101000,010110,111110,-----0,1,0.16666666666666666,False
1055,16,30,101000,101100,000100,101-00,5,0.8333333333333334,True
1056,16,31,101000,011001,110001,--100-,3,0.5,False
1057,16,32,101000,110011,011011,1--0--,2,0.3333333333333333,True
1058,16,33,101000,100110,001110,10---0,3,0.5,True
1059,16,34,101000,001101,100101,-01-0-,3,0.5,False
1060,16,35,101000,011010,110010,--10-0,3,0.5,False
1061,16,36,101000,110100,011100,1---00,3,0.5,True
1062,16,37,101000,101001,000001,10100-,5,0.8333333333333334,True
1063,16,38,101000,010011,111011,---0--,1,0.16666666666666666,False
1064,16,39,101000,100111,001111,10----,2,0.3333333333333333,True
1065,16,40,101000,001111,100111,-01---,2,0.3333333333333333,False
1066,16,41,101000,011110,110110,--1--0,2,0.3333333333333333,False
1067,16,42,101000,111101,010101,1-1-0-,3,0.5,True
1068,16,43,101000,111010,010010,1-10-0,4,0.6666666666666666,True
1069,16,44,101000,110101,011101,1---0-,2,0.3333333333333333,True
1070,16,45,101000,101010,000010,1010-0,5,0.8333333333333334,True
1071,16,46,101000,010101,111101,----0-,1,0.16666666666666666,False
1072,16,47,101000,101011,000011,1010--,4,0.6666666666666666,True
1073,16,48,101000,010111,111111,------,0,0.0,False
1074,16,49,101000,101110,000110,101--0,4,0.6666666666666666,True
1075,16,50,101000,011101,110101,--1-0-,2,0.3333333333333333,False
1076,16,51,101000,111011,010011,1-10--,3,0.5,True
1077,16,52,101000,110110,011110,1----0,2,0.3333333333333333,True
1078,16,53,101000,101101,000101,101-0-,4,0.6666666666666666,True
1079,16,54,101000,011011,110011,--10--,2,0.3333333333333333,False
1080,16,55,101000,110111,011111,1-----,1,0.16666666666666666,True
1081,16,56,101000,101111,000111,101---,3,0.5,True
1082,16,57,101000,011111,110111,--1---,1,0.16666666666666666,False
1083,16,58,101000,111111,010111,1-1---,2,0.3333333333333333,True
1084,16,59,101000,111110,010110,1-1--0,3,0.5,True
1085,16,60,101000,111100,010100,1-1-00,4,0.6666666666666666,True
1086,16,61,101000,111000,010000,1-1000,5,0.8333333333333334,True
1087,16,62,101000,110000,011000,1--000,4,0.6666666666666666,True
1088,16,63,101000,100000,001000,10-000,5,0.8333333333333334,True
1089,17,0,010001,000000,010001,0-000-,4,0.6666666666666666,False
1090,17,1,010001,000001,010000,0-0001,5,0.8333333333333334,True
1091,17,2,010001,000010,010011,0-00--,3,0.5,False
1092,17,3,010001,000100,010101,0-0-0-,3,0.5,False
1093,17,4,010001,001000,011001,0--00-,3,0.5,False
1094,17,5,010001,010000,000001,01000-,5,0.8333333333333334,False
1095,17,6,010001,100001,110000,--0001,4,0.6666666666666666,True
1096,17,7,010001,000011,010010,0-00-1,4,0.6666666666666666,True
1097,17,8,010001,000110,010111,0-0---,2,0.3333333333333333,False
1098,17,9,010001,001100,011101,0---0-,2,0.3333333333333333,False
1099,17,10,010001,011000,001001,01-00-,4,0.6666666666666666,False
1100,17,11,010001,110001,100000,-10001,5,0.8333333333333334,True
1101,17,12,010001,100010,110011,--00--,2,0.3333333333333333,False
1102,17,13,010001,000101,010100,0-0-01,4,0.6666666666666666,True
1103,17,14,010001,001010,011011,0--0--,2,0.3333333333333333,False
1104,17,15,010001,010100,000101,010-0-,4,0.6666666666666666,False
1105,17,16,010001,101000,111001,---00-,2,0.3333333333333333,False
1106,17,17,010001,010001,000000,010001,6,1.0,True
1107,17,18,010001,100011,110010,--00-1,3,0.5,True
1108,17,19,010001,000111,010110,0-0--1,3,0.5,True
1109,17,20,010001,001110,011111,0-----,1,0.16666666666666666,False
1110,17,21,010001,011100,001101,01--0-,3,0.5,False
1111,17,22,010001,111001,101000,-1-001,4,0.6666666666666666,True
1112,17,23,010001,110010,100011,-100--,3,0.5,False
1113,17,24,010001,100100,110101,--0-0-,2,0.3333333333333333,False
1114,17,25,010001,001001,011000,0--001,4,0.6666666666666666,True
1115,17,26,010001,010010,000011,0100--,4,0.6666666666666666,False
1116,17,27,010001,100101,110100,--0-01,3,0.5,True
1117,17,28,010001,001011,011010,0--0-1,3,0.5,True
1118,17,29,010001,010110,000111,010---,3,0.5,False
1119,17,30,010001,101100,111101,----0-,1,0.16666666666666666,False
1120,17,31,010001,011001,001000,01-001,5,0.8333333333333334,True
1121,17,32,010001,110011,100010,-100-1,4,0.6666666666666666,True
1122,17,33,010001,100110,110111,--0---,1,0.16666666666666666,False
1123,17,34,010001,001101,011100,0---01,3,0.5,True
1124,17,35,010001,011010,001011,01-0--,3,0.5,False
1125,17,36,010001,110100,100101,-10-0-,3,0.5,False
1126,17,37,010001,101001,111000,---001,3,0.5,True
1127,17,38,010001,010011,000010,0100-1,5,0.8333333333333334,True
1128,17,39,010001,100111,110110,--0--1,2,0.3333333333333333,True
1129,17,40,010001,001111,011110,0----1,2,0.3333333333333333,True
1130,17,41,010001,011110,001111,01----,2,0.3333333333333333,False
1131,17,42,010001,111101,101100,-1--01,3,0.5,True
1132,17,43,010001,111010,101011,-1-0--,2,0.3333333333333333,False
1133,17,44,010001,110101,100100,-10-01,4,0.6666666666666666,True
1134,17,45,010001,101010,111011,---0--,1,0.16666666666666666,False
1135,17,46,010001,010101,000100,010-01,5,0.8333333333333334,True
1136,17,47,010001,101011,111010,---0-1,2,0.3333333333333333,True
1137,17,48,010001,010111,000110,010--1,4,0.6666666666666666,True
1138,17,49,010001,101110,111111,------,0,0.0,False
1139,17,50,010001,011101,001100,01--01,4,0.6666666666666666,True
1140,17,51,010001,111011,101010,-1-0-1,3,0.5,True
1141,17,52,010001,110110,100111,-10---,2,0.3333333333333333,False
1142,17,53,010001,101101,111100,----01,2,0.3333333333333333,True
1143,17,54,010001,011011,001010,01-0-1,4,0.6666666666666666,True
1144,17,55,010001,110111,100110,-10--1,3,0.5,True
1145,17,56,010001,101111,111110,-----1,1,0.16666666666666666,True
1146,17,57,010001,011111,001110,01---1,3,0.5,True
1147,17,58,010001,111111,101110,-1---1,2,0.3333333333333333,True
1148,17,59,010001,111110,101111,-1----,1,0.16666666666666666,False
1149,17,60,010001,111100,101101,-1--0-,2,0.3333333333333333,False
1150,17,61,010001,111000,101001,-1-00-,3,0.5,False
1151,17,62,010001,110000,100001,-1000-,4,0.6666666666666666,False
1152,17,63,010001,100000,110001,--000-,3,0.5,False
1153,18,0,100011,000000,100011,-000--,3,0.5,False
1154,18,1,100011,000001,100010,-000-1,4,0.6666666666666666,True
1155,18,2,100011,000010,100001,-0001-,4,0.6666666666666666,False
1156,18,3,100011,000100,100111,-00---,2,0.3333333333333333,False
1157,18,4,100011,001000,101011,-0-0--,2,0.3333333333333333,False
1158,18,5,100011,010000,110011,--00--,2,0.3333333333333333,False
1159,18,6,100011,100001,000010,1000-1,5,0.8333333333333334,True
1160,18,7,100011,000011,100000,-00011,5,0.8333333333333334,True
1161,18,8,100011,000110,100101,-00-1-,3,0.5,False
1162,18,9,100011,001100,101111,-0----,1,0.16666666666666666,False
1163,18,10,100011,011000,111011,---0--,1,0.16666666666666666,False
1164,18,11,100011,110001,010010,1-00-1,4,0.6666666666666666,True
1165,18,12,100011,100010,000001,10001-,5,0.8333333333333334,True
1166,18,13,100011,000101,100110,-00--1,3,0.5,True
1167,18,14,100011,001010,101001,-0-01-,3,0.5,False
1168,18,15,100011,010100,110111,--0---,1,0.16666666666666666,False
1169,18,16,100011,101000,001011,10-0--,3,0.5,True
1170,18,17,100011,010001,110010,--00-1,3,0.5,True
1171,18,18,100011,100011,000000,100011,6,1.0,True
1172,18,19,100011,000111,100100,-00-11,4,0.6666666666666666,True
1173,18,20,100011,001110,101101,-0--1-,2,0.3333333333333333,False
1174,18,21,100011,011100,111111,------,0,0.0,False
1175,18,22,100011,111001,011010,1--0-1,3,0.5,True
1176,18,23,100011,110010,010001,1-001-,4,0.6666666666666666,True
1177,18,24,100011,100100,000111,100---,3,0.5,True
1178,18,25,100011,001001,101010,-0-0-1,3,0.5,True
1179,18,26,100011,010010,110001,--001-,3,0.5,False
1180,18,27,100011,100101,000110,100--1,4,0.6666666666666666,True
1181,18,28,100011,001011,101000,-0-011,4,0.6666666666666666,True
1182,18,29,100011,010110,110101,--0-1-,2,0.3333333333333333,False
1183,18,30,100011,101100,001111,10----,2,0.3333333333333333,True
1184,18,31,100011,011001,111010,---0-1,2,0.3333333333333333,True
1185,18,32,100011,110011,010000,1-0011,5,0.8333333333333334,True
1186,18,33,100011,100110,000101,100-1-,4,0.6666666666666666,True
1187,18,34,100011,001101,101110,-0---1,2,0.3333333333333333,True
1188,18,35,100011,011010,111001,---01-,2,0.3333333333333333,False
1189,18,36,100011,110100,010111,1-0---,2,0.3333333333333333,True
1190,18,37,100011,101001,001010,10-0-1,4,0.6666666666666666,True
1191,18,38,100011,010011,110000,--0011,4,0.6666666666666666,True
1192,18,39,100011,100111,000100,100-11,5,0.8333333333333334,True
1193,18,40,100011,001111,101100,-0--11,3,0.5,True
1194,18,41,100011,011110,111101,----1-,1,0.16666666666666666,False
1195,18,42,100011,111101,011110,1----1,2,0.3333333333333333,True
1196,18,43,100011,111010,011001,1--01-,3,0.5,True
1197,18,44,100011,110101,010110,1-0--1,3,0.5,True
1198,18,45,100011,101010,001001,10-01-,4,0.6666666666666666,True
1199,18,46,100011,010101,110110,--0--1,2,0.3333333333333333,True
1200,18,47,100011,101011,001000,10-011,5,0.8333333333333334,True
1201,18,48,100011,010111,110100,--0-11,3,0.5,True
1202,18,49,100011,101110,001101,10--1-,3,0.5,True
1203,18,50,100011,011101,111110,-----1,1,0.16666666666666666,True
1204,18,51,100011,111011,011000,1--011,4,0.6666666666666666,True
1205,18,52,100011,110110,010101,1-0-1-,3,0.5,True
1206,18,53,100011,101101,001110,10---1,3,0.5,True
1207,18,54,100011,011011,111000,---011,3,0.5,True
1208,18,55,100011,110111,010100,1-0-11,4,0.6666666666666666,True
1209,18,56,100011,101111,001100,10--11,4,0.6666666666666666,True
1210,18,57,100011,011111,111100,----11,2,0.3333333333333333,True
1211,18,58,100011,111111,011100,1---11,3,0.5,True
1212,18,59,100011,111110,011101,1---1-,2,0.3333333333333333,True
1213,18,60,100011,111100,011111,1-----,1,0.16666666666666666,True
1214,18,61,100011,111000,011011,1--0--,2,0.3333333333333333,True
1215,18,62,100011,110000,010011,1-00--,3,0.5,True
1216,18,63,100011,100000,000011,1000--,4,0.6666666666666666,True
1217,19,0,000111,000000,000111,000---,3,0.5,False
1218,19,1,000111,000001,000110,000--1,4,0.6666666666666666,True
1219,19,2,000111,000010,000101,000-1-,4,0.6666666666666666,False
1220,19,3,000111,000100,000011,0001--,4,0.6666666666666666,False
1221,19,4,000111,001000,001111,00----,2,0.3333333333333333,False
1222,19,5,000111,010000,010111,0-0---,2,0.3333333333333333,False
1223,19,6,000111,100001,100110,-00--1,3,0.5,True
1224,19,7,000111,000011,000100,000-11,5,0.8333333333333334,True
1225,19,8,000111,000110,000001,00011-,5,0.8333333333333334,False
1226,19,9,000111,001100,001011,00-1--,3,0.5,False
1227,19,10,000111,011000,011111,0-----,1,0.16666666666666666,False
1228,19,11,000111,110001,110110,--0--1,2,0.3333333333333333,True
1229,19,12,000111,100010,100101,-00-1-,3,0.5,False
1230,19,13,000111,000101,000010,0001-1,5,0.8333333333333334,True
1231,19,14,000111,001010,001101,00--1-,3,0.5,False
1232,19,15,000111,010100,010011,0-01--,3,0.5,False
1233,19,16,000111,101000,101111,-0----,1,0.16666666666666666,False
1234,19,17,000111,010001,010110,0-0--1,3,0.5,True
1235,19,18,000111,100011,100100,-00-11,4,0.6666666666666666,True
1236,19,19,000111,000111,000000,000111,6,1.0,True
1237,19,20,000111,001110,001001,00-11-,4,0.6666666666666666,False
1238,19,21,000111,011100,011011,0--1--,2,0.3333333333333333,False
1239,19,22,000111,111001,111110,-----1,1,0.16666666666666666,True
1240,19,23,000111,110010,110101,--0-1-,2,0.3333333333333333,False
1241,19,24,000111,100100,100011,-001--,3,0.5,False
1242,19,25,000111,001001,001110,00---1,3,0.5,True
1243,19,26,000111,010010,010101,0-0-1-,3,0.5,False
1244,19,27,000111,100101,100010,-001-1,4,0.6666666666666666,True
1245,19,28,000111,001011,001100,00--11,4,0.6666666666666666,True
1246,19,29,000111,010110,010001,0-011-,4,0.6666666666666666,False
1247,19,30,000111,101100,101011,-0-1--,2,0.3333333333333333,False
1248,19,31,000111,011001,011110,0----1,2,0.3333333333333333,True
1249,19,32,000111,110011,110100,--0-11,3,0.5,True
1250,19,33,000111,100110,100001,-0011-,4,0.6666666666666666,False
1251,19,34,000111,001101,001010,00-1-1,4,0.6666666666666666,True
1252,19,35,000111,011010,011101,0---1-,2,0.3333333333333333,False
1253,19,36,000111,110100,110011,--01--,2,0.3333333333333333,False
1254,19,37,000111,101001,101110,-0---1,2,0.3333333333333333,True
1255,19,38,000111,010011,010100,0-0-11,4,0.6666666666666666,True
1256,19,39,000111,100111,100000,-00111,5,0.8333333333333334,True
1257,19,40,000111,001111,001000,00-111,5,0.8333333333333334,True
1258,19,41,000111,011110,011001,0--11-,3,0.5,False
1259,19,42,000111,111101,111010,---1-1,2,0.3333333333333333,True
1260,19,43,000111,111010,111101,----1-,1,0.16666666666666666,False
1261,19,44,000111,110101,110010,--01-1,3,0.5,True
1262,19,45,000111,101010,101101,-0--1-,2,0.3333333333333333,False
1263,19,46,000111,010101,010010,0-01-1,4,0.6666666666666666,True
1264,19,47,000111,101011,101100,-0--11,3,0.5,True
1265,19,48,000111,010111,010000,0-0111,5,0.8333333333333334,True
1266,19,49,000111,101110,101001,-0-11-,3,0.5,False
1267,19,50,000111,011101,011010,0--1-1,3,0.5,True
1268,19,51,000111,111011,111100,----11,2,0.3333333333333333,True
1269,19,52,000111,110110,110001,--011-,3,0.5,False
1270,19,53,000111,101101,101010,-0-1-1,3,0.5,True
1271,19,54,000111,011011,011100,0---11,3,0.5,True
1272,19,55,000111,110111,110000,--0111,4,0.6666666666666666,True
1273,19,56,000111,101111,101000,-0-111,4,0.6666666666666666,True
1274,19,57,000111,011111,011000,0--111,4,0.6666666666666666,True
1275,19,58,000111,111111,111000,---111,3,0.5,True
1276,19,59,000111,111110,111001,---11-,2,0.3333333333333333,False
1277,19,60,000111,111100,111011,---1--,1,0.16666666666666666,False
1278,19,61,000111,111000,111111,------,0,0.0,False
1279,19,62,000111,110000,110111,--0---,1,0.16666666666666666,False
1280,19,63,000111,100000,100111,-00---,2,0.3333333333333333,False
1281,20,0,001110,000000,001110,00---0,3,0.5,False
1282,20,1,001110,000001,001111,00----,2,0.3333333333333333,False
1283,20,2,001110,000010,001100,00--10,4,0.6666666666666666,False
1284,20,3,001110,000100,001010,00-1-0,4,0.6666666666666666,False
1285,20,4,001110,001000,000110,001--0,4,0.6666666666666666,False
1286,20,5,001110,010000,011110,0----0,2,0.3333333333333333,False
1287,20,6,001110,100001,101111,-0----,1,0.16666666666666666,False
1288,20,7,001110,000011,001101,00--1-,3,0.5,False
1289,20,8,001110,000110,001000,00-110,5,0.8333333333333334,False
1290,20,9,001110,001100,000010,0011-0,5,0.8333333333333334,False
1291,20,10,001110,011000,010110,0-1--0,3,0.5,False
1292,20,11,001110,110001,111111,------,0,0.0,False
1293,20,12,001110,100010,101100,-0--10,3,0.5,False
1294,20,13,001110,000101,001011,00-1--,3,0.5,False
1295,20,14,001110,001010,000100,001-10,5,0.8333333333333334,False
1296,20,15,001110,010100,011010,0--1-0,3,0.5,False
1297,20,16,001110,101000,100110,-01--0,3,0.5,False
1298,20,17,001110,010001,011111,0-----,1,0.16666666666666666,False
1299,20,18,001110,100011,101101,-0--1-,2,0.3333333333333333,False
1300,20,19,001110,000111,001001,00-11-,4,0.6666666666666666,False
1301,20,20,001110,001110,000000,001110,6,1.0,False
1302,20,21,001110,011100,010010,0-11-0,4,0.6666666666666666,False
1303,20,22,001110,111001,110111,--1---,1,0.16666666666666666,False
1304,20,23,001110,110010,111100,----10,2,0.3333333333333333,False
1305,20,24,001110,100100,101010,-0-1-0,3,0.5,False
1306,20,25,001110,001001,000111,001---,3,0.5,False
1307,20,26,001110,010010,011100,0---10,3,0.5,False
1308,20,27,001110,100101,101011,-0-1--,2,0.3333333333333333,False
1309,20,28,001110,001011,000101,001-1-,4,0.6666666666666666,False
1310,20,29,001110,010110,011000,0--110,4,0.6666666666666666,False
1311,20,30,001110,101100,100010,-011-0,4,0.6666666666666666,False
1312,20,31,001110,011001,010111,0-1---,2,0.3333333333333333,False
1313,20,32,001110,110011,111101,----1-,1,0.16666666666666666,False
1314,20,33,001110,100110,101000,-0-110,4,0.6666666666666666,False
1315,20,34,001110,001101,000011,0011--,4,0.6666666666666666,False
1316,20,35,001110,011010,010100,0-1-10,4,0.6666666666666666,False
1317,20,36,001110,110100,111010,---1-0,2,0.3333333333333333,False
1318,20,37,001110,101001,100111,-01---,2,0.3333333333333333,False
1319,20,38,001110,010011,011101,0---1-,2,0.3333333333333333,False
1320,20,39,001110,100111,101001,-0-11-,3,0.5,False
1321,20,40,001110,001111,000001,00111-,5,0.8333333333333334,False
1322,20,41,001110,011110,010000,0-1110,5,0.8333333333333334,False
1323,20,42,001110,111101,110011,--11--,2,0.3333333333333333,False
1324,20,43,001110,111010,110100,--1-10,3,0.5,False
1325,20,44,001110,110101,111011,---1--,1,0.16666666666666666,False
1326,20,45,001110,101010,100100,-01-10,4,0.6666666666666666,False
1327,20,46,001110,010101,011011,0--1--,2,0.3333333333333333,False
1328,20,47,001110,101011,100101,-01-1-,3,0.5,False
1329,20,48,001110,010111,011001,0--11-,3,0.5,False
1330,20,49,001110,101110,100000,-01110,5,0.8333333333333334,False
1331,20,50,001110,011101,010011,0-11--,3,0.5,False
1332,20,51,001110,111011,110101,--1-1-,2,0.3333333333333333,False
1333,20,52,001110,110110,111000,---110,3,0.5,False
1334,20,53,001110,101101,100011,-011--,3,0.5,False
1335,20,54,001110,011011,010101,0-1-1-,3,0.5,False
1336,20,55,001110,110111,111001,---11-,2,0.3333333333333333,False
1337,20,56,001110,101111,100001,-0111-,4,0.6666666666666666,False
1338,20,57,001110,011111,010001,0-111-,4,0.6666666666666666,False
1339,20,58,001110,111111,110001,--111-,3,0.5,False
1340,20,59,001110,111110,110000,--1110,4,0.6666666666666666,False
1341,20,60,001110,111100,110010,--11-0,3,0.5,False
1342,20,61,001110,111000,110110,--1--0,2,0.3333333333333333,False
1343,20,62,001110,110000,111110,-----0,1,0.16666666666666666,False
1344,20,63,001110,100000,101110,-0---0,2,0.3333333333333333,False
1345,21,0,011100,000000,011100,0---00,3,0.5,False
1346,21,1,011100,000001,011101,0---0-,2,0.3333333333333333,False
1347,21,2,011100,000010,011110,0----0,2,0.3333333333333333,False
1348,21,3,011100,000100,011000,0--100,4,0.6666666666666666,False
1349,21,4,011100,001000,010100,0-1-00,4,0.6666666666666666,False
1350,21,5,011100,010000,001100,01--00,4,0.6666666666666666,False
1351,21,6,011100,100001,111101,----0-,1,0.16666666666666666,False
1352,21,7,011100,000011,011111,0-----,1,0.16666666666666666,False
1353,21,8,011100,000110,011010,0--1-0,3,0.5,False
1354,21,9,011100,001100,010000,0-1100,5,0.8333333333333334,False
1355,21,10,011100,011000,000100,011-00,5,0.8333333333333334,False
1356,21,11,011100,110001,101101,-1--0-,2,0.3333333333333333,False
1357,21,12,011100,100010,111110,-----0,1,0.16666666666666666,False
1358,21,13,011100,000101,011001,0--10-,3,0.5,False
1359,21,14,011100,001010,010110,0-1--0,3,0.5,False
1360,21,15,011100,010100,001000,01-100,5,0.8333333333333334,False
1361,21,16,011100,101000,110100,--1-00,3,0.5,False
1362,21,17,011100,010001,001101,01--0-,3,0.5,False
1363,21,18,011100,100011,111111,------,0,0.0,False
1364,21,19,011100,000111,011011,0--1--,2,0.3333333333333333,False
1365,21,20,011100,001110,010010,0-11-0,4,0.6666666666666666,False
1366,21,21,011100,011100,000000,011100,6,1.0,False
1367,21,22,011100,111001,100101,-11-0-,3,0.5,False
1368,21,23,011100,110010,101110,-1---0,2,0.3333333333333333,False
1369,21,24,011100,100100,111000,---100,3,0.5,False
1370,21,25,011100,001001,010101,0-1-0-,3,0.5,False
1371,21,26,011100,010010,001110,01---0,3,0.5,False
1372,21,27,011100,100101,111001,---10-,2,0.3333333333333333,False
1373,21,28,011100,001011,010111,0-1---,2,0.3333333333333333,False
1374,21,29,011100,010110,001010,01-1-0,4,0.6666666666666666,False
1375,21,30,011100,101100,110000,--1100,4,0.6666666666666666,False
1376,21,31,011100,011001,000101,011-0-,4,0.6666666666666666,False
1377,21,32,011100,110011,101111,-1----,1,0.16666666666666666,False
1378,21,33,011100,100110,111010,---1-0,2,0.3333333333333333,False
1379,21,34,011100,001101,010001,0-110-,4,0.6666666666666666,False
1380,21,35,011100,011010,000110,011--0,4,0.6666666666666666,False
1381,21,36,011100,110100,101000,-1-100,4,0.6666666666666666,False
1382,21,37,011100,101001,110101,--1-0-,2,0.3333333333333333,False
1383,21,38,011100,010011,001111,01----,2,0.3333333333333333,False
1384,21,39,011100,100111,111011,---1--,1,0.16666666666666666,False
1385,21,40,011100,001111,010011,0-11--,3,0.5,False
1386,21,41,011100,011110,000010,0111-0,5,0.8333333333333334,False
1387,21,42,011100,111101,100001,-1110-,4,0.6666666666666666,False
1388,21,43,011100,111010,100110,-11--0,3,0.5,False
1389,21,44,011100,110101,101001,-1-10-,3,0.5,False
1390,21,45,011100,101010,110110,--1--0,2,0.3333333333333333,False
1391,21,46,011100,010101,001001,01-10-,4,0.6666666666666666,False
1392,21,47,011100,101011,110111,--1---,1,0.16666666666666666,False
1393,21,48,011100,010111,001011,01-1--,3,0.5,False
1394,21,49,011100,101110,110010,--11-0,3,0.5,False
1395,21,50,011100,011101,000001,01110-,5,0.8333333333333334,False
1396,21,51,011100,111011,100111,-11---,2,0.3333333333333333,False
1397,21,52,011100,110110,101010,-1-1-0,3,0.5,False
1398,21,53,011100,101101,110001,--110-,3,0.5,False
1399,21,54,011100,011011,000111,011---,3,0.5,False
1400,21,55,011100,110111,101011,-1-1--,2,0.3333333333333333,False
1401,21,56,011100,101111,110011,--11--,2,0.3333333333333333,False
1402,21,57,011100,011111,000011,0111--,4,0.6666666666666666,False
1403,21,58,011100,111111,100011,-111--,3,0.5,False
1404,21,59,011100,111110,100010,-111-0,4,0.6666666666666666,False
1405,21,60,011100,111100,100000,-11100,5,0.8333333333333334,False
1406,21,61,011100,111000,100100,-11-00,4,0.6666666666666666,False
1407,21,62,011100,110000,101100,-1--00,3,0.5,False
1408,21,63,011100,100000,111100,----00,2,0.3333333333333333,False
1409,22,0,111001,000000,111001,---00-,2,0.3333333333333333,False
1410,22,1,111001,000001,111000,---001,3,0.5,True
1411,22,2,111001,000010,111011,---0--,1,0.16666666666666666,False
1412,22,3,111001,000100,111101,----0-,1,0.16666666666666666,False
1413,22,4,111001,001000,110001,--100-,3,0.5,False
1414,22,5,111001,010000,101001,-1-00-,3,0.5,False
1415,22,6,111001,100001,011000,1--001,4,0.6666666666666666,True
1416,22,7,111001,000011,111010,---0-1,2,0.3333333333333333,True
1417,22,8,111001,000110,111111,------,0,0.0,False
1418,22,9,111001,001100,110101,--1-0-,2,0.3333333333333333,False
1419,22,10,111001,011000,100001,-1100-,4,0.6666666666666666,False
1420,22,11,111001,110001,001000,11-001,5,0.8333333333333334,True
1421,22,12,111001,100010,011011,1--0--,2,0.3333333333333333,True
1422,22,13,111001,000101,111100,----01,2,0.3333333333333333,True
1423,22,14,111001,001010,110011,--10--,2,0.3333333333333333,False
1424,22,15,111001,010100,101101,-1--0-,2,0.3333333333333333,False
1425,22,16,111001,101000,010001,1-100-,4,0.6666666666666666,True
1426,22,17,111001,010001,101000,-1-001,4,0.6666666666666666,True
1427,22,18,111001,100011,011010,1--0-1,3,0.5,True
1428,22,19,111001,000111,111110,-----1,1,0.16666666666666666,True
1429,22,20,111001,001110,110111,--1---,1,0.16666666666666666,False
1430,22,21,111001,011100,100101,-11-0-,3,0.5,False
1431,22,22,111001,111001,000000,111001,6,1.0,True
1432,22,23,111001,110010,001011,11-0--,3,0.5,True
1433,22,24,111001,100100,011101,1---0-,2,0.3333333333333333,True
1434,22,25,111001,001001,110000,--1001,4,0.6666666666666666,True
1435,22,26,111001,010010,101011,-1-0--,2,0.3333333333333333,False
1436,22,27,111001,100101,011100,1---01,3,0.5,True
1437,22,28,111001,001011,110010,--10-1,3,0.5,True
1438,22,29,111001,010110,101111,-1----,1,0.16666666666666666,False
1439,22,30,111001,101100,010101,1-1-0-,3,0.5,True
1440,22,31,111001,011001,100000,-11001,5,0.8333333333333334,True
1441,22,32,111001,110011,001010,11-0-1,4,0.6666666666666666,True
1442,22,33,111001,100110,011111,1-----,1,0.16666666666666666,True
1443,22,34,111001,001101,110100,--1-01,3,0.5,True
1444,22,35,111001,011010,100011,-110--,3,0.5,False
1445,22,36,111001,110100,001101,11--0-,3,0.5,True
1446,22,37,111001,101001,010000,1-1001,5,0.8333333333333334,True
1447,22,38,111001,010011,101010,-1-0-1,3,0.5,True
1448,22,39,111001,100111,011110,1----1,2,0.3333333333333333,True
1449,22,40,111001,001111,110110,--1--1,2,0.3333333333333333,True
1450,22,41,111001,011110,100111,-11---,2,0.3333333333333333,False
1451,22,42,111001,111101,000100,111-01,5,0.8333333333333334,True
1452,22,43,111001,111010,000011,1110--,4,0.6666666666666666,True
1453,22,44,111001,110101,001100,11--01,4,0.6666666666666666,True
1454,22,45,111001,101010,010011,1-10--,3,0.5,True
1455,22,46,111001,010101,101100,-1--01,3,0.5,True
1456,22,47,111001,101011,010010,1-10-1,4,0.6666666666666666,True
1457,22,48,111001,010111,101110,-1---1,2,0.3333333333333333,True
1458,22,49,111001,101110,010111,1-1---,2,0.3333333333333333,True
1459,22,50,111001,011101,100100,-11-01,4,0.6666666666666666,True
1460,22,51,111001,111011,000010,1110-1,5,0.8333333333333334,True
1461,22,52,111001,110110,001111,11----,2,0.3333333333333333,True
1462,22,53,111001,101101,010100,1-1-01,4,0.6666666666666666,True
1463,22,54,111001,011011,100010,-110-1,4,0.6666666666666666,True
1464,22,55,111001,110111,001110,11---1,3,0.5,True
1465,22,56,111001,101111,010110,1-1--1,3,0.5,True
1466,22,57,111001,011111,100110,-11--1,3,0.5,True
1467,22,58,111001,111111,000110,111--1,4,0.6666666666666666,True
1468,22,59,111001,111110,000111,111---,3,0.5,True
1469,22,60,111001,111100,000101,111-0-,4,0.6666666666666666,True
1470,22,61,111001,111000,000001,11100-,5,0.8333333333333334,True
1471,22,62,111001,110000,001001,11-00-,4,0.6666666666666666,True
1472,22,63,111001,100000,011001,1--00-,3,0.5,True
1473,23,0,110010,000000,110010,--00-0,3,0.5,False
1474,23,1,110010,000001,110011,--00--,2,0.3333333333333333,False
1475,23,2,110010,000010,110000,--0010,4,0.6666666666666666,False
1476,23,3,110010,000100,110110,--0--0,2,0.3333333333333333,False
1477,23,4,110010,001000,111010,---0-0,2,0.3333333333333333,False
1478,23,5,110010,010000,100010,-100-0,4,0.6666666666666666,False
1479,23,6,110010,100001,010011,1-00--,3,0.5,True
1480,23,7,110010,000011,110001,--001-,3,0.5,False
1481,23,8,110010,000110,110100,--0-10,3,0.5,False
1482,23,9,110010,001100,111110,-----0,1,0.16666666666666666,False
1483,23,10,110010,011000,101010,-1-0-0,3,0.5,False
1484,23,11,110010,110001,000011,1100--,4,0.6666666666666666,True
1485,23,12,110010,100010,010000,1-0010,5,0.8333333333333334,True
1486,23,13,110010,000101,110111,--0---,1,0.16666666666666666,False
1487,23,14,110010,001010,111000,---010,3,0.5,False
1488,23,15,110010,010100,100110,-10--0,3,0.5,False
1489,23,16,110010,101000,011010,1--0-0,3,0.5,True
1490,23,17,110010,010001,100011,-100--,3,0.5,False
1491,23,18,110010,100011,010001,1-001-,4,0.6666666666666666,True
1492,23,19,110010,000111,110101,--0-1-,2,0.3333333333333333,False
1493,23,20,110010,001110,111100,----10,2,0.3333333333333333,False
1494,23,21,110010,011100,101110,-1---0,2,0.3333333333333333,False
1495,23,22,110010,111001,001011,11-0--,3,0.5,True
1496,23,23,110010,110010,000000,110010,6,1.0,True
1497,23,24,110010,100100,010110,1-0--0,3,0.5,True
1498,23,25,110010,001001,111011,---0--,1,0.16666666666666666,False
1499,23,26,110010,010010,100000,-10010,5,0.8333333333333334,False
1500,23,27,110010,100101,010111,1-0---,2,0.3333333333333333,True
1501,23,28,110010,001011,111001,---01-,2,0.3333333333333333,False
1502,23,29,110010,010110,100100,-10-10,4,0.6666666666666666,False
1503,23,30,110010,101100,011110,1----0,2,0.3333333333333333,True
1504,23,31,110010,011001,101011,-1-0--,2,0.3333333333333333,False
1505,23,32,110010,110011,000001,11001-,5,0.8333333333333334,True
1506,23,33,110010,100110,010100,1-0-10,4,0.6666666666666666,True
1507,23,34,110010,001101,111111,------,0,0.0,False
1508,23,35,110010,011010,101000,-1-010,4,0.6666666666666666,False
1509,23,36,110010,110100,000110,110--0,4,0.6666666666666666,True
1510,23,37,110010,101001,011011,1--0--,2,0.3333333333333333,True
1511,23,38,110010,010011,100001,-1001-,4,0.6666666666666666,False
1512,23,39,110010,100111,010101,1-0-1-,3,0.5,True
1513,23,40,110010,001111,111101,----1-,1,0.16666666666666666,False
1514,23,41,110010,011110,101100,-1--10,3,0.5,False
1515,23,42,110010,111101,001111,11----,2,0.3333333333333333,True
1516,23,43,110010,111010,001000,11-010,5,0.8333333333333334,True
1517,23,44,110010,110101,000111,110---,3,0.5,True
1518,23,45,110010,101010,011000,1--010,4,0.6666666666666666,True
1519,23,46,110010,010101,100111,-10---,2,0.3333333333333333,False
1520,23,47,110010,101011,011001,1--01-,3,0.5,True
1521,23,48,110010,010111,100101,-10-1-,3,0.5,False
1522,23,49,110010,101110,011100,1---10,3,0.5,True
1523,23,50,110010,011101,101111,-1----,1,0.16666666666666666,False
1524,23,51,110010,111011,001001,11-01-,4,0.6666666666666666,True
1525,23,52,110010,110110,000100,110-10,5,0.8333333333333334,True
1526,23,53,110010,101101,011111,1-----,1,0.16666666666666666,True
1527,23,54,110010,011011,101001,-1-01-,3,0.5,False
1528,23,55,110010,110111,000101,110-1-,4,0.6666666666666666,True
1529,23,56,110010,101111,011101,1---1-,2,0.3333333333333333,True
1530,23,57,110010,011111,101101,-1--1-,2,0.3333333333333333,False
1531,23,58,110010,111111,001101,11--1-,3,0.5,True
1532,23,59,110010,111110,001100,11--10,4,0.6666666666666666,True
1533,23,60,110010,111100,001110,11---0,3,0.5,True
1534,23,61,110010,111000,001010,11-0-0,4,0.6666666666666666,True
1535,23,62,110010,110000,000010,1100-0,5,0.8333333333333334,True
1536,23,63,110010,100000,010010,1-00-0,4,0.6666666666666666,True
1537,24,0,100100,000000,100100,-00-00,4,0.6666666666666666,False
1538,24,1,100100,000001,100101,-00-0-,3,0.5,False
1539,24,2,100100,000010,100110,-00--0,3,0.5,False
1540,24,3,100100,000100,100000,-00100,5,0.8333333333333334,False
1541,24,4,100100,001000,101100,-0--00,3,0.5,False
1542,24,5,100100,010000,110100,--0-00,3,0.5,False
1543,24,6,100100,100001,000101,100-0-,4,0.6666666666666666,True
1544,24,7,100100,000011,100111,-00---,2,0.3333333333333333,False
1545,24,8,100100,000110,100010,-001-0,4,0.6666666666666666,False
1546,24,9,100100,001100,101000,-0-100,4,0.6666666666666666,False
1547,24,10,100100,011000,111100,----00,2,0.3333333333333333,False
1548,24,11,100100,110001,010101,1-0-0-,3,0.5,True
1549,24,12,100100,100010,000110,100--0,4,0.6666666666666666,True
1550,24,13,100100,000101,100001,-0010-,4,0.6666666666666666,False
1551,24,14,100100,001010,101110,-0---0,2,0.3333333333333333,False
1552,24,15,100100,010100,110000,--0100,4,0.6666666666666666,False
1553,24,16,100100,101000,001100,10--00,4,0.6666666666666666,True
1554,24,17,100100,010001,110101,--0-0-,2,0.3333333333333333,False
1555,24,18,100100,100011,000111,100---,3,0.5,True
1556,24,19,100100,000111,100011,-001--,3,0.5,False
1557,24,20,100100,001110,101010,-0-1-0,3,0.5,False
1558,24,21,100100,011100,111000,---100,3,0.5,False
1559,24,22,100100,111001,011101,1---0-,2,0.3333333333333333,True
1560,24,23,100100,110010,010110,1-0--0,3,0.5,True
1561,24,24,100100,100100,000000,100100,6,1.0,True
1562,24,25,100100,001001,101101,-0--0-,2,0.3333333333333333,False
1563,24,26,100100,010010,110110,--0--0,2,0.3333333333333333,False
1564,24,27,100100,100101,000001,10010-,5,0.8333333333333334,True
1565,24,28,100100,001011,101111,-0----,1,0.16666666666666666,False
1566,24,29,100100,010110,110010,--01-0,3,0.5,False
1567,24,30,100100,101100,001000,10-100,5,0.8333333333333334,True
1568,24,31,100100,011001,111101,----0-,1,0.16666666666666666,False
1569,24,32,100100,110011,010111,1-0---,2,0.3333333333333333,True
1570,24,33,100100,100110,000010,1001-0,5,0.8333333333333334,True
1571,24,34,100100,001101,101001,-0-10-,3,0.5,False
1572,24,35,100100,011010,111110,-----0,1,0.16666666666666666,False
1573,24,36,100100,110100,010000,1-0100,5,0.8333333333333334,True
1574,24,37,100100,101001,001101,10--0-,3,0.5,True
1575,24,38,100100,010011,110111,--0---,1,0.16666666666666666,False
1576,24,39,100100,100111,000011,1001--,4,0.6666666666666666,True
1577,24,40,100100,001111,101011,-0-1--,2,0.3333333333333333,False
1578,24,41,100100,011110,111010,---1-0,2,0.3333333333333333,False
1579,24,42,100100,111101,011001,1--10-,3,0.5,True
1580,24,43,100100,111010,011110,1----0,2,0.3333333333333333,True
1581,24,44,100100,110101,010001,1-010-,4,0.6666666666666666,True
1582,24,45,100100,101010,001110,10---0,3,0.5,True
1583,24,46,100100,010101,110001,--010-,3,0.5,False
1584,24,47,100100,101011,001111,10----,2,0.3333333333333333,True
1585,24,48,100100,010111,110011,--01--,2,0.3333333333333333,False
1586,24,49,100100,101110,001010,10-1-0,4,0.6666666666666666,True
1587,24,50,100100,011101,111001,---10-,2,0.3333333333333333,False
1588,24,51,100100,111011,011111,1-----,1,0.16666666666666666,True
1589,24,52,100100,110110,010010,1-01-0,4,0.6666666666666666,True
1590,24,53,100100,101101,001001,10-10-,4,0.6666666666666666,True
1591,24,54,100100,011011,111111,------,0,0.0,False
1592,24,55,100100,110111,010011,1-01--,3,0.5,True
1593,24,56,100100,101111,001011,10-1--,3,0.5,True
1594,24,57,100100,011111,111011,---1--,1,0.16666666666666666,False
1595,24,58,100100,111111,011011,1--1--,2,0.3333333333333333,True
1596,24,59,100100,111110,011010,1--1-0,3,0.5,True
1597,24,60,100100,111100,011000,1--100,4,0.6666666666666666,True
1598,24,61,100100,111000,011100,1---00,3,0.5,True
1599,24,62,100100,110000,010100,1-0-00,4,0.6666666666666666,True
1600,24,63,100100,100000,000100,100-00,5,0.8333333333333334,True
1601,25,0,001001,000000,001001,00-00-,4,0.6666666666666666,False
1602,25,1,001001,000001,001000,00-001,5,0.8333333333333334,True
1603,25,2,001001,000010,001011,00-0--,3,0.5,False
1604,25,3,001001,000100,001101,00--0-,3,0.5,False
1605,25,4,001001,001000,000001,00100-,5,0.8333333333333334,False
1606,25,5,001001,010000,011001,0--00-,3,0.5,False
1607,25,6,001001,100001,101000,-0-001,4,0.6666666666666666,True
1608,25,7,001001,000011,001010,00-0-1,4,0.6666666666666666,True
1609,25,8,001001,000110,001111,00----,2,0.3333333333333333,False
1610,25,9,001001,001100,000101,001-0-,4,0.6666666666666666,False
1611,25,10,001001,011000,010001,0-100-,4,0.6666666666666666,False
1612,25,11,001001,110001,111000,---001,3,0.5,True
1613,25,12,001001,100010,101011,-0-0--,2,0.3333333333333333,False
1614,25,13,001001,000101,001100,00--01,4,0.6666666666666666,True
1615,25,14,001001,001010,000011,0010--,4,0.6666666666666666,False
1616,25,15,001001,010100,011101,0---0-,2,0.3333333333333333,False
1617,25,16,001001,101000,100001,-0100-,4,0.6666666666666666,False
1618,25,17,001001,010001,011000,0--001,4,0.6666666666666666,True
1619,25,18,001001,100011,101010,-0-0-1,3,0.5,True
1620,25,19,001001,000111,001110,00---1,3,0.5,True
1621,25,20,001001,001110,000111,001---,3,0.5,False
1622,25,21,001001,011100,010101,0-1-0-,3,0.5,False
1623,25,22,001001,111001,110000,--1001,4,0.6666666666666666,True
1624,25,23,001001,110010,111011,---0--,1,0.16666666666666666,False
1625,25,24,001001,100100,101101,-0--0-,2,0.3333333333333333,False
1626,25,25,001001,001001,000000,001001,6,1.0,True
1627,25,26,001001,010010,011011,0--0--,2,0.3333333333333333,False
1628,25,27,001001,100101,101100,-0--01,3,0.5,True
1629,25,28,001001,001011,000010,0010-1,5,0.8333333333333334,True
1630,25,29,001001,010110,011111,0-----,1,0.16666666666666666,False
1631,25,30,001001,101100,100101,-01-0-,3,0.5,False
1632,25,31,001001,011001,010000,0-1001,5,0.8333333333333334,True
1633,25,32,001001,110011,111010,---0-1,2,0.3333333333333333,True
1634,25,33,001001,100110,101111,-0----,1,0.16666666666666666,False
1635,25,34,001001,001101,000100,001-01,5,0.8333333333333334,True
1636,25,35,001001,011010,010011,0-10--,3,0.5,False
1637,25,36,001001,110100,111101,----0-,1,0.16666666666666666,False
1638,25,37,001001,101001,100000,-01001,5,0.8333333333333334,True
1639,25,38,001001,010011,011010,0--0-1,3,0.5,True
1640,25,39,001001,100111,101110,-0---1,2,0.3333333333333333,True
1641,25,40,001001,001111,000110,001--1,4,0.6666666666666666,True
1642,25,41,001001,011110,010111,0-1---,2,0.3333333333333333,False
1643,25,42,001001,111101,110100,--1-01,3,0.5,True
1644,25,43,001001,111010,110011,--10--,2,0.3333333333333333,False
1645,25,44,001001,110101,111100,----01,2,0.3333333333333333,True
1646,25,45,001001,101010,100011,-010--,3,0.5,False
1647,25,46,001001,010101,011100,0---01,3,0.5,True
1648,25,47,001001,101011,100010,-010-1,4,0.6666666666666666,True
1649,25,48,001001,010111,011110,0----1,2,0.3333333333333333,True
1650,25,49,001001,101110,100111,-01---,2,0.3333333333333333,False
1651,25,50,001001,011101,010100,0-1-01,4,0.6666666666666666,True
1652,25,51,001001,111011,110010,--10-1,3,0.5,True
1653,25,52,001001,110110,111111,------,0,0.0,False
1654,25,53,001001,101101,100100,-01-01,4,0.6666666666666666,True
1655,25,54,001001,011011,010010,0-10-1,4,0.6666666666666666,True
1656,25,55,001001,110111,111110,-----1,1,0.16666666666666666,True
1657,25,56,001001,101111,100110,-01--1,3,0.5,True
1658,25,57,001001,011111,010110,0-1--1,3,0.5,True
1659,25,58,001001,111111,110110,--1--1,2,0.3333333333333333,True
1660,25,59,001001,111110,110111,--1---,1,0.16666666666666666,False
1661,25,60,001001,111100,110101,--1-0-,2,0.3333333333333333,False
1662,25,61,001001,111000,110001,--100-,3,0.5,False
1663,25,62,001001,110000,111001,---00-,2,0.3333333333333333,False
1664,25,63,001001,100000,101001,-0-00-,3,0.5,False
1665,26,0,010010,000000,010010,0-00-0,4,0.6666666666666666,False
1666,26,1,010010,000001,010011,0-00--,3,0.5,False
1667,26,2,010010,000010,010000,0-0010,5,0.8333333333333334,False
1668,26,3,010010,000100,010110,0-0--0,3,0.5,False
1669,26,4,010010,001000,011010,0--0-0,3,0.5,False
1670,26,5,010010,010000,000010,0100-0,5,0.8333333333333334,False
1671,26,6,010010,100001,110011,--00--,2,0.3333333333333333,False
1672,26,7,010010,000011,010001,0-001-,4,0.6666666666666666,False
1673,26,8,010010,000110,010100,0-0-10,4,0.6666666666666666,False
1674,26,9,010010,001100,011110,0----0,2,0.3333333333333333,False
1675,26,10,010010,011000,001010,01-0-0,4,0.6666666666666666,False
1676,26,11,010010,110001,100011,-100--,3,0.5,False
1677,26,12,010010,100010,110000,--0010,4,0.6666666666666666,False
1678,26,13,010010,000101,010111,0-0---,2,0.3333333333333333,False
1679,26,14,010010,001010,011000,0--010,4,0.6666666666666666,False
1680,26,15,010010,010100,000110,010--0,4,0.6666666666666666,False
1681,26,16,010010,101000,111010,---0-0,2,0.3333333333333333,False
1682,26,17,010010,010001,000011,0100--,4,0.6666666666666666,False
1683,26,18,010010,100011,110001,--001-,3,0.5,False
1684,26,19,010010,000111,010101,0-0-1-,3,0.5,False
1685,26,20,010010,001110,011100,0---10,3,0.5,False
1686,26,21,010010,011100,001110,01---0,3,0.5,False
1687,26,22,010010,111001,101011,-1-0--,2,0.3333333333333333,False
1688,26,23,010010,110010,100000,-10010,5,0.8333333333333334,False
1689,26,24,010010,100100,110110,--0--0,2,0.3333333333333333,False
1690,26,25,010010,001001,011011,0--0--,2,0.3333333333333333,False
1691,26,26,010010,010010,000000,010010,6,1.0,False
1692,26,27,010010,100101,110111,--0---,1,0.16666666666666666,False
1693,26,28,010010,001011,011001,0--01-,3,0.5,False
1694,26,29,010010,010110,000100,010-10,5,0.8333333333333334,False
1695,26,30,010010,101100,111110,-----0,1,0.16666666666666666,False
1696,26,31,010010,011001,001011,01-0--,3,0.5,False
1697,26,32,010010,110011,100001,-1001-,4,0.6666666666666666,False
1698,26,33,010010,100110,110100,--0-10,3,0.5,False
1699,26,34,010010,001101,011111,0-----,1,0.16666666666666666,False
1700,26,35,010010,011010,001000,01-010,5,0.8333333333333334,False
1701,26,36,010010,110100,100110,-10--0,3,0.5,False
1702,26,37,010010,101001,111011,---0--,1,0.16666666666666666,False
1703,26,38,010010,010011,000001,01001-,5,0.8333333333333334,False
1704,26,39,010010,100111,110101,--0-1-,2,0.3333333333333333,False
1705,26,40,010010,001111,011101,0---1-,2,0.3333333333333333,False
1706,26,41,010010,011110,001100,01--10,4,0.6666666666666666,False
1707,26,42,010010,111101,101111,-1----,1,0.16666666666666666,False
1708,26,43,010010,111010,101000,-1-010,4,0.6666666666666666,False
1709,26,44,010010,110101,100111,-10---,2,0.3333333333333333,False
1710,26,45,010010,101010,111000,---010,3,0.5,False
1711,26,46,010010,010101,000111,010---,3,0.5,False
1712,26,47,010010,101011,111001,---01-,2,0.3333333333333333,False
1713,26,48,010010,010111,000101,010-1-,4,0.6666666666666666,False
1714,26,49,010010,101110,111100,----10,2,0.3333333333333333,False
1715,26,50,010010,011101,001111,01----,2,0.3333333333333333,False
1716,26,51,010010,111011,101001,-1-01-,3,0.5,False
1717,26,52,010010,110110,100100,-10-10,4,0.6666666666666666,False
1718,26,53,010010,101101,111111,------,0,0.0,False
1719,26,54,010010,011011,001001,01-01-,4,0.6666666666666666,False
1720,26,55,010010,110111,100101,-10-1-,3,0.5,False
1721,26,56,010010,101111,111101,----1-,1,0.16666666666666666,False
1722,26,57,010010,011111,001101,01--1-,3,0.5,False
1723,26,58,010010,111111,101101,-1--1-,2,0.3333333333333333,False
1724,26,59,010010,111110,101100,-1--10,3,0.5,False
1725,26,60,010010,111100,101110,-1---0,2,0.3333333333333333,False
1726,26,61,010010,111000,101010,-1-0-0,3,0.5,False
1727,26,62,010010,110000,100010,-100-0,4,0.6666666666666666,False
1728,26,63,010010,100000,110010,--00-0,3,0.5,False
1729,27,0,100101,000000,100101,-00-0-,3,0.5,False
1730,27,1,100101,000001,100100,-00-01,4,0.6666666666666666,True
1731,27,2,100101,000010,100111,-00---,2,0.3333333333333333,False
1732,27,3,100101,000100,100001,-0010-,4,0.6666666666666666,False
1733,27,4,100101,001000,101101,-0--0-,2,0.3333333333333333,False
1734,27,5,100101,010000,110101,--0-0-,2,0.3333333333333333,False
1735,27,6,100101,100001,000100,100-01,5,0.8333333333333334,True
1736,27,7,100101,000011,100110,-00--1,3,0.5,True
1737,27,8,100101,000110,100011,-001--,3,0.5,False
1738,27,9,100101,001100,101001,-0-10-,3,0.5,False
1739,27,10,100101,011000,111101,----0-,1,0.16666666666666666,False
1740,27,11,100101,110001,010100,1-0-01,4,0.6666666666666666,True
1741,27,12,100101,100010,000111,100---,3,0.5,True
1742,27,13,100101,000101,100000,-00101,5,0.8333333333333334,True
1743,27,14,100101,001010,101111,-0----,1,0.16666666666666666,False
1744,27,15,100101,010100,110001,--010-,3,0.5,False
1745,27,16,100101,101000,001101,10--0-,3,0.5,True
1746,27,17,100101,010001,110100,--0-01,3,0.5,True
1747,27,18,100101,100011,000110,100--1,4,0.6666666666666666,True
1748,27,19,100101,000111,100010,-001-1,4,0.6666666666666666,True
1749,27,20,100101,001110,101011,-0-1--,2,0.3333333333333333,False
1750,27,21,100101,011100,111001,---10-,2,0.3333333333333333,False
1751,27,22,100101,111001,011100,1---01,3,0.5,True
1752,27,23,100101,110010,010111,1-0---,2,0.3333333333333333,True
1753,27,24,100101,100100,000001,10010-,5,0.8333333333333334,True
1754,27,25,100101,001001,101100,-0--01,3,0.5,True
1755,27,26,100101,010010,110111,--0---,1,0.16666666666666666,False
1756,27,27,100101,100101,000000,100101,6,1.0,True
1757,27,28,100101,001011,101110,-0---1,2,0.3333333333333333,True
1758,27,29,100101,010110,110011,--01--,2,0.3333333333333333,False
1759,27,30,100101,101100,001001,10-10-,4,0.6666666666666666,True
1760,27,31,100101,011001,111100,----01,2,0.3333333333333333,True
1761,27,32,100101,110011,010110,1-0--1,3,0.5,True
1762,27,33,100101,100110,000011,1001--,4,0.6666666666666666,True
1763,27,34,100101,001101,101000,-0-101,4,0.6666666666666666,True
1764,27,35,100101,011010,111111,------,0,0.0,False
1765,27,36,100101,110100,010001,1-010-,4,0.6666666666666666,True
1766,27,37,100101,101001,001100,10--01,4,0.6666666666666666,True
1767,27,38,100101,010011,110110,--0--1,2,0.3333333333333333,True
1768,27,39,100101,100111,000010,1001-1,5,0.8333333333333334,True
1769,27,40,100101,001111,101010,-0-1-1,3,0.5,True
1770,27,41,100101,011110,111011,---1--,1,0.16666666666666666,False
1771,27,42,100101,111101,011000,1--101,4,0.6666666666666666,True
1772,27,43,100101,111010,011111,1-----,1,0.16666666666666666,True
1773,27,44,100101,110101,010000,1-0101,5,0.8333333333333334,True
1774,27,45,100101,101010,001111,10----,2,0.3333333333333333,True
1775,27,46,100101,010101,110000,--0101,4,0.6666666666666666,True
1776,27,47,100101,101011,001110,10---1,3,0.5,True
1777,27,48,100101,010111,110010,--01-1,3,0.5,True
1778,27,49,100101,101110,001011,10-1--,3,0.5,True
1779,27,50,100101,011101,111000,---101,3,0.5,True
1780,27,51,100101,111011,011110,1----1,2,0.3333333333333333,True
1781,27,52,100101,110110,010011,1-01--,3,0.5,True
1782,27,53,100101,101101,001000,10-101,5,0.8333333333333334,True
1783,27,54,100101,011011,111110,-----1,1,0.16666666666666666,True
1784,27,55,100101,110111,010010,1-01-1,4,0.6666666666666666,True
1785,27,56,100101,101111,001010,10-1-1,4,0.6666666666666666,True
1786,27,57,100101,011111,111010,---1-1,2,0.3333333333333333,True
1787,27,58,100101,111111,011010,1--1-1,3,0.5,True
1788,27,59,100101,111110,011011,1--1--,2,0.3333333333333333,True
1789,27,60,100101,111100,011001,1--10-,3,0.5,True
1790,27,61,100101,111000,011101,1---0-,2,0.3333333333333333,True
1791,27,62,100101,110000,010101,1-0-0-,3,0.5,True
1792,27,63,100101,100000,000101,100-0-,4,0.6666666666666666,True
1793,28,0,001011,000000,001011,00-0--,3,0.5,False
1794,28,1,001011,000001,001010,00-0-1,4,0.6666666666666666,True
1795,28,2,001011,000010,001001,00-01-,4,0.6666666666666666,False
1796,28,3,001011,000100,001111,00----,2,0.3333333333333333,False
1797,28,4,001011,001000,000011,0010--,4,0.6666666666666666,False
1798,28,5,001011,010000,011011,0--0--,2,0.3333333333333333,False
1799,28,6,001011,100001,101010,-0-0-1,3,0.5,True
1800,28,7,001011,000011,001000,00-011,5,0.8333333333333334,True
1801,28,8,001011,000110,001101,00--1-,3,0.5,False
1802,28,9,001011,001100,000111,001---,3,0.5,False
1803,28,10,001011,011000,010011,0-10--,3,0.5,False
1804,28,11,001011,110001,111010,---0-1,2,0.3333333333333333,True
1805,28,12,001011,100010,101001,-0-01-,3,0.5,False
1806,28,13,001011,000101,001110,00---1,3,0.5,True
1807,28,14,001011,001010,000001,00101-,5,0.8333333333333334,False
1808,28,15,001011,010100,011111,0-----,1,0.16666666666666666,False
1809,28,16,001011,101000,100011,-010--,3,0.5,False
1810,28,17,001011,010001,011010,0--0-1,3,0.5,True
1811,28,18,001011,100011,101000,-0-011,4,0.6666666666666666,True
1812,28,19,001011,000111,001100,00--11,4,0.6666666666666666,True
1813,28,20,001011,001110,000101,001-1-,4,0.6666666666666666,False
1814,28,21,001011,011100,010111,0-1---,2,0.3333333333333333,False
1815,28,22,001011,111001,110010,--10-1,3,0.5,True
1816,28,23,001011,110010,111001,---01-,2,0.3333333333333333,False
1817,28,24,001011,100100,101111,-0----,1,0.16666666666666666,False
1818,28,25,001011,001001,000010,0010-1,5,0.8333333333333334,True
1819,28,26,001011,010010,011001,0--01-,3,0.5,False
1820,28,27,001011,100101,101110,-0---1,2,0.3333333333333333,True
1821,28,28,001011,001011,000000,001011,6,1.0,True
1822,28,29,001011,010110,011101,0---1-,2,0.3333333333333333,False
1823,28,30,001011,101100,100111,-01---,2,0.3333333333333333,False
1824,28,31,001011,011001,010010,0-10-1,4,0.6666666666666666,True
1825,28,32,001011,110011,111000,---011,3,0.5,True
1826,28,33,001011,100110,101101,-0--1-,2,0.3333333333333333,False
1827,28,34,001011,001101,000110,001--1,4,0.6666666666666666,True
1828,28,35,001011,011010,010001,0-101-,4,0.6666666666666666,False
1829,28,36,001011,110100,111111,------,0,0.0,False
1830,28,37,001011,101001,100010,-010-1,4,0.6666666666666666,True
1831,28,38,001011,010011,011000,0--011,4,0.6666666666666666,True
1832,28,39,001011,100111,101100,-0--11,3,0.5,True
1833,28,40,001011,001111,000100,001-11,5,0.8333333333333334,True
1834,28,41,001011,011110,010101,0-1-1-,3,0.5,False
1835,28,42,001011,111101,110110,--1--1,2,0.3333333333333333,True
1836,28,43,001011,111010,110001,--101-,3,0.5,False
1837,28,44,001011,110101,111110,-----1,1,0.16666666666666666,True
1838,28,45,001011,101010,100001,-0101-,4,0.6666666666666666,False
1839,28,46,001011,010101,011110,0----1,2,0.3333333333333333,True
1840,28,47,001011,101011,100000,-01011,5,0.8333333333333334,True
1841,28,48,001011,010111,011100,0---11,3,0.5,True
1842,28,49,001011,101110,100101,-01-1-,3,0.5,False
1843,28,50,001011,011101,010110,0-1--1,3,0.5,True
1844,28,51,001011,111011,110000,--1011,4,0.6666666666666666,True
1845,28,52,001011,110110,111101,----1-,1,0.16666666666666666,False
1846,28,53,001011,101101,100110,-01--1,3,0.5,True
1847,28,54,001011,011011,010000,0-1011,5,0.8333333333333334,True
1848,28,55,001011,110111,111100,----11,2,0.3333333333333333,True
1849,28,56,001011,101111,100100,-01-11,4,0.6666666666666666,True
1850,28,57,001011,011111,010100,0-1-11,4,0.6666666666666666,True
1851,28,58,001011,111111,110100,--1-11,3,0.5,True
1852,28,59,001011,111110,110101,--1-1-,2,0.3333333333333333,False
1853,28,60,001011,111100,110111,--1---,1,0.16666666666666666,False
1854,28,61,001011,111000,110011,--10--,2,0.3333333333333333,False
1855,28,62,001011,110000,111011,---0--,1,0.16666666666666666,False
1856,28,63,001011,100000,101011,-0-0--,2,0.3333333333333333,False
1857,29,0,010110,000000,010110,0-0--0,3,0.5,False
1858,29,1,010110,000001,010111,0-0---,2,0.3333333333333333,False
1859,29,2,010110,000010,010100,0-0-10,4,0.6666666666666666,False
1860,29,3,010110,000100,010010,0-01-0,4,0.6666666666666666,False
1861,29,4,010110,001000,011110,0----0,2,0.3333333333333333,False
1862,29,5,010110,010000,000110,010--0,4,0.6666666666666666,False
1863,29,6,010110,100001,110111,--0---,1,0.16666666666666666,False
1864,29,7,010110,000011,010101,0-0-1-,3,0.5,False
1865,29,8,010110,000110,010000,0-0110,5,0.8333333333333334,False
1866,29,9,010110,001100,011010,0--1-0,3,0.5,False
1867,29,10,010110,011000,001110,01---0,3,0.5,False
1868,29,11,010110,110001,100111,-10---,2,0.3333333333333333,False
1869,29,12,010110,100010,110100,--0-10,3,0.5,False
1870,29,13,010110,000101,010011,0-01--,3,0.5,False
1871,29,14,010110,001010,011100,0---10,3,0.5,False
1872,29,15,010110,010100,000010,0101-0,5,0.8333333333333334,False
1873,29,16,010110,101000,111110,-----0,1,0.16666666666666666,False
1874,29,17,010110,010001,000111,010---,3,0.5,False
1875,29,18,010110,100011,110101,--0-1-,2,0.3333333333333333,False
1876,29,19,010110,000111,010001,0-011-,4,0.6666666666666666,False
1877,29,20,010110,001110,011000,0--110,4,0.6666666666666666,False
1878,29,21,010110,011100,001010,01-1-0,4,0.6666666666666666,False
1879,29,22,010110,111001,101111,-1----,1,0.16666666666666666,False
1880,29,23,010110,110010,100100,-10-10,4,0.6666666666666666,False
1881,29,24,010110,100100,110010,--01-0,3,0.5,False
1882,29,25,010110,001001,011111,0-----,1,0.16666666666666666,False
1883,29,26,010110,010010,000100,010-10,5,0.8333333333333334,False
1884,29,27,010110,100101,110011,--01--,2,0.3333333333333333,False
1885,29,28,010110,001011,011101,0---1-,2,0.3333333333333333,False
1886,29,29,010110,010110,000000,010110,6,1.0,False
1887,29,30,010110,101100,111010,---1-0,2,0.3333333333333333,False
1888,29,31,010110,011001,001111,01----,2,0.3333333333333333,False
1889,29,32,010110,110011,100101,-10-1-,3,0.5,False
1890,29,33,010110,100110,110000,--0110,4,0.6666666666666666,False
1891,29,34,010110,001101,011011,0--1--,2,0.3333333333333333,False
1892,29,35,010110,011010,001100,01--10,4,0.6666666666666666,False
1893,29,36,010110,110100,100010,-101-0,4,0.6666666666666666,False
1894,29,37,010110,101001,111111,------,0,0.0,False
1895,29,38,010110,010011,000101,010-1-,4,0.6666666666666666,False
1896,29,39,010110,100111,110001,--011-,3,0.5,False
1897,29,40,010110,001111,011001,0--11-,3,0.5,False
1898,29,41,010110,011110,001000,01-110,5,0.8333333333333334,False
1899,29,42,010110,111101,101011,-1-1--,2,0.3333333333333333,False
1900,29,43,010110,111010,101100,-1--10,3,0.5,False
1901,29,44,010110,110101,100011,-101--,3,0.5,False
1902,29,45,010110,101010,111100,----10,2,0.3333333333333333,False
1903,29,46,010110,010101,000011,0101--,4,0.6666666666666666,False
1904,29,47,010110,101011,111101,----1-,1,0.16666666666666666,False
1905,29,48,010110,010111,000001,01011-,5,0.8333333333333334,False
1906,29,49,010110,101110,111000,---110,3,0.5,False
1907,29,50,010110,011101,001011,01-1--,3,0.5,False
1908,29,51,010110,111011,101101,-1--1-,2,0.3333333333333333,False
1909,29,52,010110,110110,100000,-10110,5,0.8333333333333334,False
1910,29,53,010110,101101,111011,---1--,1,0.16666666666666666,False
1911,29,54,010110,011011,001101,01--1-,3,0.5,False
1912,29,55,010110,110111,100001,-1011-,4,0.6666666666666666,False
1913,29,56,010110,101111,111001,---11-,2,0.3333333333333333,False
1914,29,57,010110,011111,001001,01-11-,4,0.6666666666666666,False
1915,29,58,010110,111111,101001,-1-11-,3,0.5,False
1916,29,59,010110,111110,101000,-1-110,4,0.6666666666666666,False
1917,29,60,010110,111100,101010,-1-1-0,3,0.5,False
1918,29,61,010110,111000,101110,-1---0,2,0.3333333333333333,False
1919,29,62,010110,110000,100110,-10--0,3,0.5,False
1920,29,63,010110,100000,110110,--0--0,2,0.3333333333333333,False
1921,30,0,101100,000000,101100,-0--00,3,0.5,False
1922,30,1,101100,000001,101101,-0--0-,2,0.3333333333333333,False
1923,30,2,101100,000010,101110,-0---0,2,0.3333333333333333,False
1924,30,3,101100,000100,101000,-0-100,4,0.6666666666666666,False
1925,30,4,101100,001000,100100,-01-00,4,0.6666666666666666,False
1926,30,5,101100,010000,111100,----00,2,0.3333333333333333,False
1927,30,6,101100,100001,001101,10--0-,3,0.5,True
1928,30,7,101100,000011,101111,-0----,1,0.16666666666666666,False
1929,30,8,101100,000110,101010,-0-1-0,3,0.5,False
1930,30,9,101100,001100,100000,-01100,5,0.8333333333333334,False
1931,30,10,101100,011000,110100,--1-00,3,0.5,False
1932,30,11,101100,110001,011101,1---0-,2,0.3333333333333333,True
1933,30,12,101100,100010,001110,10---0,3,0.5,True
1934,30,13,101100,000101,101001,-0-10-,3,0.5,False
1935,30,14,101100,001010,100110,-01--0,3,0.5,False
1936,30,15,101100,010100,111000,---100,3,0.5,False
1937,30,16,101100,101000,000100,101-00,5,0.8333333333333334,True
1938,30,17,101100,010001,111101,----0-,1,0.16666666666666666,False
1939,30,18,101100,100011,001111,10----,2,0.3333333333333333,True
1940,30,19,101100,000111,101011,-0-1--,2,0.3333333333333333,False
1941,30,20,101100,001110,100010,-011-0,4,0.6666666666666666,False
1942,30,21,101100,011100,110000,--1100,4,0.6666666666666666,False
1943,30,22,101100,111001,010101,1-1-0-,3,0.5,True
1944,30,23,101100,110010,011110,1----0,2,0.3333333333333333,True
1945,30,24,101100,100100,001000,10-100,5,0.8333333333333334,True
1946,30,25,101100,001001,100101,-01-0-,3,0.5,False
1947,30,26,101100,010010,111110,-----0,1,0.16666666666666666,False
1948,30,27,101100,100101,001001,10-10-,4,0.6666666666666666,True
1949,30,28,101100,001011,100111,-01---,2,0.3333333333333333,False
1950,30,29,101100,010110,111010,---1-0,2,0.3333333333333333,False
1951,30,30,101100,101100,000000,101100,6,1.0,True
1952,30,31,101100,011001,110101,--1-0-,2,0.3333333333333333,False
1953,30,32,101100,110011,011111,1-----,1,0.16666666666666666,True
1954,30,33,101100,100110,001010,10-1-0,4,0.6666666666666666,True
1955,30,34,101100,001101,100001,-0110-,4,0.6666666666666666,False
1956,30,35,101100,011010,110110,--1--0,2,0.3333333333333333,False
1957,30,36,101100,110100,011000,1--100,4,0.6666666666666666,True
1958,30,37,101100,101001,000101,101-0-,4,0.6666666666666666,True
1959,30,38,101100,010011,111111,------,0,0.0,False
1960,30,39,101100,100111,001011,10-1--,3,0.5,True
1961,30,40,101100,001111,100011,-011--,3,0.5,False
1962,30,41,101100,011110,110010,--11-0,3,0.5,False
1963,30,42,101100,111101,010001,1-110-,4,0.6666666666666666,True
1964,30,43,101100,111010,010110,1-1--0,3,0.5,True
1965,30,44,101100,110101,011001,1--10-,3,0.5,True
1966,30,45,101100,101010,000110,101--0,4,0.6666666666666666,True
1967,30,46,101100,010101,111001,---10-,2,0.3333333333333333,False
1968,30,47,101100,101011,000111,101---,3,0.5,True
1969,30,48,101100,010111,111011,---1--,1,0.16666666666666666,False
1970,30,49,101100,101110,000010,1011-0,5,0.8333333333333334,True
1971,30,50,101100,011101,110001,--110-,3,0.5,False
1972,30,51,101100,111011,010111,1-1---,2,0.3333333333333333,True
1973,30,52,101100,110110,011010,1--1-0,3,0.5,True
1974,30,53,101100,101101,000001,10110-,5,0.8333333333333334,True
1975,30,54,101100,011011,110111,--1---,1,0.16666666666666666,False
1976,30,55,101100,110111,011011,1--1--,2,0.3333333333333333,True
1977,30,56,101100,101111,000011,1011--,4,0.6666666666666666,True
1978,30,57,101100,011111,110011,--11--,2,0.3333333333333333,False
1979,30,58,101100,111111,010011,1-11--,3,0.5,True
1980,30,59,101100,111110,010010,1-11-0,4,0.6666666666666666,True
1981,30,60,101100,111100,010000,1-1100,5,0.8333333333333334,True
1982,30,61,101100,111000,010100,1-1-00,4,0.6666666666666666,True
1983,30,62,101100,110000,011100,1---00,3,0.5,True
1984,30,63,101100,100000,001100,10--00,4,0.6666666666666666,True
1985,31,0,011001,000000,011001,0--00-,3,0.5,False
1986,31,1,011001,000001,011000,0--001,4,0.6666666666666666,True
1987,31,2,011001,000010,011011,0--0--,2,0.3333333333333333,False
1988,31,3,011001,000100,011101,0---0-,2,0.3333333333333333,False
1989,31,4,011001,001000,010001,0-100-,4,0.6666666666666666,False
1990,31,5,011001,010000,001001,01-00-,4,0.6666666666666666,False
1991,31,6,011001,100001,111000,---001,3,0.5,True
1992,31,7,011001,000011,011010,0--0-1,3,0.5,True
1993,31,8,011001,000110,011111,0-----,1,0.16666666666666666,False
1994,31,9,011001,001100,010101,0-1-0-,3,0.5,False
1995,31,10,011001,011000,000001,01100-,5,0.8333333333333334,False
1996,31,11,011001,110001,101000,-1-001,4,0.6666666666666666,True
1997,31,12,011001,100010,111011,---0--,1,0.16666666666666666,False
1998,31,13,011001,000101,011100,0---01,3,0.5,True
1999,31,14,011001,001010,010011,0-10--,3,0.5,False
2000,31,15,011001,010100,001101,01--0-,3,0.5,False
2001,31,16,011001,101000,110001,--100-,3,0.5,False
2002,31,17,011001,010001,001000,01-001,5,0.8333333333333334,True
2003,31,18,011001,100011,111010,---0-1,2,0.3333333333333333,True
2004,31,19,011001,000111,011110,0----1,2,0.3333333333333333,True
2005,31,20,011001,001110,010111,0-1---,2,0.3333333333333333,False
2006,31,21,011001,011100,000101,011-0-,4,0.6666666666666666,False
2007,31,22,011001,111001,100000,-11001,5,0.8333333333333334,True
2008,31,23,011001,110010,101011,-1-0--,2,0.3333333333333333,False
2009,31,24,011001,100100,111101,----0-,1,0.16666666666666666,False
2010,31,25,011001,001001,010000,0-1001,5,0.8333333333333334,True
2011,31,26,011001,010010,001011,01-0--,3,0.5,False
2012,31,27,011001,100101,111100,----01,2,0.3333333333333333,True
2013,31,28,011001,001011,010010,0-10-1,4,0.6666666666666666,True
2014,31,29,011001,010110,001111,01----,2,0.3333333333333333,False
2015,31,30,011001,101100,110101,--1-0-,2,0.3333333333333333,False
2016,31,31,011001,011001,000000,011001,6,1.0,True
2017,31,32,011001,110011,101010,-1-0-1,3,0.5,True
2018,31,33,011001,100110,111111,------,0,0.0,False
2019,31,34,011001,001101,010100,0-1-01,4,0.6666666666666666,True
2020,31,35,011001,011010,000011,0110--,4,0.6666666666666666,False
2021,31,36,011001,110100,101101,-1--0-,2,0.3333333333333333,False
2022,31,37,011001,101001,110000,--1001,4,0.6666666666666666,True
2023,31,38,011001,010011,001010,01-0-1,4,0.6666666666666666,True
2024,31,39,011001,100111,111110,-----1,1,0.16666666666666666,True
2025,31,40,011001,001111,010110,0-1--1,3,0.5,True
2026,31,41,011001,011110,000111,011---,3,0.5,False
2027,31,42,011001,111101,100100,-11-01,4,0.6666666666666666,True
2028,31,43,011001,111010,100011,-110--,3,0.5,False
2029,31,44,011001,110101,101100,-1--01,3,0.5,True
2030,31,45,011001,101010,110011,--10--,2,0.3333333333333333,False
2031,31,46,011001,010101,001100,01--01,4,0.6666666666666666,True
2032,31,47,011001,101011,110010,--10-1,3,0.5,True
2033,31,48,011001,010111,001110,01---1,3,0.5,True
2034,31,49,011001,101110,110111,--1---,1,0.16666666666666666,False
2035,31,50,011001,011101,000100,011-01,5,0.8333333333333334,True
2036,31,51,011001,111011,100010,-110-1,4,0.6666666666666666,True
2037,31,52,011001,110110,101111,-1----,1,0.16666666666666666,False
2038,31,53,011001,101101,110100,--1-01,3,0.5,True
2039,31,54,011001,011011,000010,0110-1,5,0.8333333333333334,True
2040,31,55,011001,110111,101110,-1---1,2,0.3333333333333333,True
2041,31,56,011001,101111,110110,--1--1,2,0.3333333333333333,True
2042,31,57,011001,011111,000110,011--1,4,0.6666666666666666,True
2043,31,58,011001,111111,100110,-11--1,3,0.5,True
2044,31,59,011001,111110,100111,-11---,2,0.3333333333333333,False
2045,31,60,011001,111100,100101,-11-0-,3,0.5,False
2046,31,61,011001,111000,100001,-1100-,4,0.6666666666666666,False
2047,31,62,011001,110000,101001,-1-00-,3,0.5,False
2048,31,63,011001,100000,111001,---00-,2,0.3333333333333333,False
2049,32,0,110011,000000,110011,--00--,2,0.3333333333333333,False
2050,32,1,110011,000001,110010,--00-1,3,0.5,True
2051,32,2,110011,000010,110001,--001-,3,0.5,False
2052,32,3,110011,000100,110111,--0---,1,0.16666666666666666,False
2053,32,4,110011,001000,111011,---0--,1,0.16666666666666666,False
2054,32,5,110011,010000,100011,-100--,3,0.5,False
2055,32,6,110011,100001,010010,1-00-1,4,0.6666666666666666,True
2056,32,7,110011,000011,110000,--0011,4,0.6666666666666666,True
2057,32,8,110011,000110,110101,--0-1-,2,0.3333333333333333,False
2058,32,9,110011,001100,111111,------,0,0.0,False
2059,32,10,110011,011000,101011,-1-0--,2,0.3333333333333333,False
2060,32,11,110011,110001,000010,1100-1,5,0.8333333333333334,True
2061,32,12,110011,100010,010001,1-001-,4,0.6666666666666666,True
2062,32,13,110011,000101,110110,--0--1,2,0.3333333333333333,True
2063,32,14,110011,001010,111001,---01-,2,0.3333333333333333,False
2064,32,15,110011,010100,100111,-10---,2,0.3333333333333333,False
2065,32,16,110011,101000,011011,1--0--,2,0.3333333333333333,True
2066,32,17,110011,010001,100010,-100-1,4,0.6666666666666666,True
2067,32,18,110011,100011,010000,1-0011,5,0.8333333333333334,True
2068,32,19,110011,000111,110100,--0-11,3,0.5,True
2069,32,20,110011,001110,111101,----1-,1,0.16666666666666666,False
2070,32,21,110011,011100,101111,-1----,1,0.16666666666666666,False
2071,32,22,110011,111001,001010,11-0-1,4,0.6666666666666666,True
2072,32,23,110011,110010,000001,11001-,5,0.8333333333333334,True
2073,32,24,110011,100100,010111,1-0---,2,0.3333333333333333,True
2074,32,25,110011,001001,111010,---0-1,2,0.3333333333333333,True
2075,32,26,110011,010010,100001,-1001-,4,0.6666666666666666,False
2076,32,27,110011,100101,010110,1-0--1,3,0.5,True
2077,32,28,110011,001011,111000,---011,3,0.5,True
2078,32,29,110011,010110,100101,-10-1-,3,0.5,False
2079,32,30,110011,101100,011111,1-----,1,0.16666666666666666,True
2080,32,31,110011,011001,101010,-1-0-1,3,0.5,True
2081,32,32,110011,110011,000000,110011,6,1.0,True
2082,32,33,110011,100110,010101,1-0-1-,3,0.5,True
2083,32,34,110011,001101,111110,-----1,1,0.16666666666666666,True
2084,32,35,110011,011010,101001,-1-01-,3,0.5,False
2085,32,36,110011,110100,000111,110---,3,0.5,True
2086,32,37,110011,101001,011010,1--0-1,3,0.5,True
2087,32,38,110011,010011,100000,-10011,5,0.8333333333333334,True
2088,32,39,110011,100111,010100,1-0-11,4,0.6666666666666666,True
2089,32,40,110011,001111,111100,----11,2,0.3333333333333333,True
2090,32,41,110011,011110,101101,-1--1-,2,0.3333333333333333,False
2091,32,42,110011,111101,001110,11---1,3,0.5,True
2092,32,43,110011,111010,001001,11-01-,4,0.6666666666666666,True
2093,32,44,110011,110101,000110,110--1,4,0.6666666666666666,True
2094,32,45,110011,101010,011001,1--01-,3,0.5,True
2095,32,46,110011,010101,100110,-10--1,3,0.5,True
2096,32,47,110011,101011,011000,1--011,4,0.6666666666666666,True
2097,32,48,110011,010111,100100,-10-11,4,0.6666666666666666,True
2098,32,49,110011,101110,011101,1---1-,2,0.3333333333333333,True
2099,32,50,110011,011101,101110,-1---1,2,0.3333333333333333,True
2100,32,51,110011,111011,001000,11-011,5,0.8333333333333334,True
2101,32,52,110011,110110,000101,110-1-,4,0.6666666666666666,True
2102,32,53,110011,101101,011110,1----1,2,0.3333333333333333,True
2103,32,54,110011,011011,101000,-1-011,4,0.6666666666666666,True
2104,32,55,110011,110111,000100,110-11,5,0.8333333333333334,True
2105,32,56,110011,101111,011100,1---11,3,0.5,True
2106,32,57,110011,011111,101100,-1--11,3,0.5,True
2107,32,58,110011,111111,001100,11--11,4,0.6666666666666666,True
2108,32,59,110011,111110,001101,11--1-,3,0.5,True
2109,32,60,110011,111100,001111,11----,2,0.3333333333333333,True
2110,32,61,110011,111000,001011,11-0--,3,0.5,True
2111,32,62,110011,110000,000011,1100--,4,0.6666666666666666,True
2112,32,63,110011,100000,010011,1-00--,3,0.5,True
2113,33,0,100110,000000,100110,-00--0,3,0.5,False
2114,33,1,100110,000001,100111,-00---,2,0.3333333333333333,False
2115,33,2,100110,000010,100100,-00-10,4,0.6666666666666666,False
2116,33,3,100110,000100,100010,-001-0,4,0.6666666666666666,False
2117,33,4,100110,001000,101110,-0---0,2,0.3333333333333333,False
2118,33,5,100110,010000,110110,--0--0,2,0.3333333333333333,False
2119,33,6,100110,100001,000111,100---,3,0.5,True
2120,33,7,100110,000011,100101,-00-1-,3,0.5,False
2121,33,8,100110,000110,100000,-00110,5,0.8333333333333334,False
2122,33,9,100110,001100,101010,-0-1-0,3,0.5,False
2123,33,10,100110,011000,111110,-----0,1,0.16666666666666666,False
2124,33,11,100110,110001,010111,1-0---,2,0.3333333333333333,True
2125,33,12,100110,100010,000100,100-10,5,0.8333333333333334,True
2126,33,13,100110,000101,100011,-001--,3,0.5,False
2127,33,14,100110,001010,101100,-0--10,3,0.5,False
2128,33,15,100110,010100,110010,--01-0,3,0.5,False
2129,33,16,100110,101000,001110,10---0,3,0.5,True
2130,33,17,100110,010001,110111,--0---,1,0.16666666666666666,False
2131,33,18,100110,100011,000101,100-1-,4,0.6666666666666666,True
2132,33,19,100110,000111,100001,-0011-,4,0.6666666666666666,False
2133,33,20,100110,001110,101000,-0-110,4,0.6666666666666666,False
2134,33,21,100110,011100,111010,---1-0,2,0.3333333333333333,False
2135,33,22,100110,111001,011111,1-----,1,0.16666666666666666,True
2136,33,23,100110,110010,010100,1-0-10,4,0.6666666666666666,True
2137,33,24,100110,100100,000010,1001-0,5,0.8333333333333334,True
2138,33,25,100110,001001,101111,-0----,1,0.16666666666666666,False
2139,33,26,100110,010010,110100,--0-10,3,0.5,False
2140,33,27,100110,100101,000011,1001--,4,0.6666666666666666,True
2141,33,28,100110,001011,101101,-0--1-,2,0.3333333333333333,False
2142,33,29,100110,010110,110000,--0110,4,0.6666666666666666,False
2143,33,30,100110,101100,001010,10-1-0,4,0.6666666666666666,True
2144,33,31,100110,011001,111111,------,0,0.0,False
2145,33,32,100110,110011,010101,1-0-1-,3,0.5,True
2146,33,33,100110,100110,000000,100110,6,1.0,True
2147,33,34,100110,001101,101011,-0-1--,2,0.3333333333333333,False
2148,33,35,100110,011010,111100,----10,2,0.3333333333333333,False
2149,33,36,100110,110100,010010,1-01-0,4,0.6666666666666666,True
2150,33,37,100110,101001,001111,10----,2,0.3333333333333333,True
2151,33,38,100110,010011,110101,--0-1-,2,0.3333333333333333,False
2152,33,39,100110,100111,000001,10011-,5,0.8333333333333334,True
2153,33,40,100110,001111,101001,-0-11-,3,0.5,False
2154,33,41,100110,011110,111000,---110,3,0.5,False
2155,33,42,100110,111101,011011,1--1--,2,0.3333333333333333,True
2156,33,43,100110,111010,011100,1---10,3,0.5,True
2157,33,44,100110,110101,010011,1-01--,3,0.5,True
2158,33,45,100110,101010,001100,10--10,4,0.6666666666666666,True
2159,33,46,100110,010101,110011,--01--,2,0.3333333333333333,False
2160,33,47,100110,101011,001101,10--1-,3,0.5,True
2161,33,48,100110,010111,110001,--011-,3,0.5,False
2162,33,49,100110,101110,001000,10-110,5,0.8333333333333334,True
2163,33,50,100110,011101,111011,---1--,1,0.16666666666666666,False
2164,33,51,100110,111011,011101,1---1-,2,0.3333333333333333,True
2165,33,52,100110,110110,010000,1-0110,5,0.8333333333333334,True
2166,33,53,100110,101101,001011,10-1--,3,0.5,True
2167,33,54,100110,011011,111101,----1-,1,0.16666666666666666,False
2168,33,55,100110,110111,010001,1-011-,4,0.6666666666666666,True
2169,33,56,100110,101111,001001,10-11-,4,0.6666666666666666,True
2170,33,57,100110,011111,111001,---11-,2,0.3333333333333333,False
2171,33,58,100110,111111,011001,1--11-,3,0.5,True
2172,33,59,100110,111110,011000,1--110,4,0.6666666666666666,True
2173,33,60,100110,111100,011010,1--1-0,3,0.5,True
2174,33,61,100110,111000,011110,1----0,2,0.3333333333333333,True
2175,33,62,100110,110000,010110,1-0--0,3,0.5,True
2176,33,63,100110,100000,000110,100--0,4,0.6666666666666666,True
2177,34,0,001101,000000,001101,00--0-,3,0.5,False
2178,34,1,001101,000001,001100,00--01,4,0.6666666666666666,True
2179,34,2,001101,000010,001111,00----,2,0.3333333333333333,False
2180,34,3,001101,000100,001001,00-10-,4,0.6666666666666666,False
2181,34,4,001101,001000,000101,001-0-,4,0.6666666666666666,False
2182,34,5,001101,010000,011101,0---0-,2,0.3333333333333333,False
2183,34,6,001101,100001,101100,-0--01,3,0.5,True
2184,34,7,001101,000011,001110,00---1,3,0.5,True
2185,34,8,001101,000110,001011,00-1--,3,0.5,False
2186,34,9,001101,001100,000001,00110-,5,0.8333333333333334,False
2187,34,10,001101,011000,010101,0-1-0-,3,0.5,False
2188,34,11,001101,110001,111100,----01,2,0.3333333333333333,True
2189,34,12,001101,100010,101111,-0----,1,0.16666666666666666,False
2190,34,13,001101,000101,001000,00-101,5,0.8333333333333334,True
2191,34,14,001101,001010,000111,001---,3,0.5,False
2192,34,15,001101,010100,011001,0--10-,3,0.5,False
2193,34,16,001101,101000,100101,-01-0-,3,0.5,False
2194,34,17,001101,010001,011100,0---01,3,0.5,True
2195,34,18,001101,100011,101110,-0---1,2,0.3333333333333333,True
2196,34,19,001101,000111,001010,00-1-1,4,0.6666666666666666,True
2197,34,20,001101,001110,000011,0011--,4,0.6666666666666666,False
2198,34,21,001101,011100,010001,0-110-,4,0.6666666666666666,False
2199,34,22,001101,111001,110100,--1-01,3,0.5,True
2200,34,23,001101,110010,111111,------,0,0.0,False
2201,34,24,001101,100100,101001,-0-10-,3,0.5,False
2202,34,25,001101,001001,000100,001-01,5,0.8333333333333334,True
2203,34,26,001101,010010,011111,0-----,1,0.16666666666666666,False
2204,34,27,001101,100101,101000,-0-101,4,0.6666666666666666,True
2205,34,28,001101,001011,000110,001--1,4,0.6666666666666666,True
2206,34,29,001101,010110,011011,0--1--,2,0.3333333333333333,False
2207,34,30,001101,101100,100001,-0110-,4,0.6666666666666666,False
2208,34,31,001101,011001,010100,0-1-01,4,0.6666666666666666,True
2209,34,32,001101,110011,111110,-----1,1,0.16666666666666666,True
2210,34,33,001101,100110,101011,-0-1--,2,0.3333333333333333,False
2211,34,34,001101,001101,000000,001101,6,1.0,True
2212,34,35,001101,011010,010111,0-1---,2,0.3333333333333333,False
2213,34,36,001101,110100,111001,---10-,2,0.3333333333333333,False
2214,34,37,001101,101001,100100,-01-01,4,0.6666666666666666,True
2215,34,38,001101,010011,011110,0----1,2,0.3333333333333333,True
2216,34,39,001101,100111,101010,-0-1-1,3,0.5,True
2217,34,40,001101,001111,000010,0011-1,5,0.8333333333333334,True
2218,34,41,001101,011110,010011,0-11--,3,0.5,False
2219,34,42,001101,111101,110000,--1101,4,0.6666666666666666,True
2220,34,43,001101,111010,110111,--1---,1,0.16666666666666666,False
2221,34,44,001101,110101,111000,---101,3,0.5,True
2222,34,45,001101,101010,100111,-01---,2,0.3333333333333333,False
2223,34,46,001101,010101,011000,0--101,4,0.6666666666666666,True
2224,34,47,001101,101011,100110,-01--1,3,0.5,True
2225,34,48,001101,010111,011010,0--1-1,3,0.5,True
2226,34,49,001101,101110,100011,-011--,3,0.5,False
2227,34,50,001101,011101,010000,0-1101,5,0.8333333333333334,True
2228,34,51,001101,111011,110110,--1--1,2,0.3333333333333333,True
2229,34,52,001101,110110,111011,---1--,1,0.16666666666666666,False
2230,34,53,001101,101101,100000,-01101,5,0.8333333333333334,True
2231,34,54,001101,011011,010110,0-1--1,3,0.5,True
2232,34,55,001101,110111,111010,---1-1,2,0.3333333333333333,True
2233,34,56,001101,101111,100010,-011-1,4,0.6666666666666666,True
2234,34,57,001101,011111,010010,0-11-1,4,0.6666666666666666,True
2235,34,58,001101,111111,110010,--11-1,3,0.5,True
2236,34,59,001101,111110,110011,--11--,2,0.3333333333333333,False
2237,34,60,001101,111100,110001,--110-,3,0.5,False
2238,34,61,001101,111000,110101,--1-0-,2,0.3333333333333333,False
2239,34,62,001101,110000,111101,----0-,1,0.16666666666666666,False
2240,34,63,001101,100000,101101,-0--0-,2,0.3333333333333333,False
2241,35,0,011010,000000,011010,0--0-0,3,0.5,False
2242,35,1,011010,000001,011011,0--0--,2,0.3333333333333333,False
2243,35,2,011010,000010,011000,0--010,4,0.6666666666666666,False
2244,35,3,011010,000100,011110,0----0,2,0.3333333333333333,False
2245,35,4,011010,001000,010010,0-10-0,4,0.6666666666666666,False
2246,35,5,011010,010000,001010,01-0-0,4,0.6666666666666666,False
2247,35,6,011010,100001,111011,---0--,1,0.16666666666666666,False
2248,35,7,011010,000011,011001,0--01-,3,0.5,False
2249,35,8,011010,000110,011100,0---10,3,0.5,False
2250,35,9,011010,001100,010110,0-1--0,3,0.5,False
2251,35,10,011010,011000,000010,0110-0,5,0.8333333333333334,False
2252,35,11,011010,110001,101011,-1-0--,2,0.3333333333333333,False
2253,35,12,011010,100010,111000,---010,3,0.5,False
2254,35,13,011010,000101,011111,0-----,1,0.16666666666666666,False
2255,35,14,011010,001010,010000,0-1010,5,0.8333333333333334,False
2256,35,15,011010,010100,001110,01---0,3,0.5,False
2257,35,16,011010,101000,110010,--10-0,3,0.5,False
2258,35,17,011010,010001,001011,01-0--,3,0.5,False
2259,35,18,011010,100011,111001,---01-,2,0.3333333333333333,False
2260,35,19,011010,000111,011101,0---1-,2,0.3333333333333333,False
2261,35,20,011010,001110,010100,0-1-10,4,0.6666666666666666,False
2262,35,21,011010,011100,000110,011--0,4,0.6666666666666666,False
2263,35,22,011010,111001,100011,-110--,3,0.5,False
2264,35,23,011010,110010,101000,-1-010,4,0.6666666666666666,False
2265,35,24,011010,100100,111110,-----0,1,0.16666666666666666,False
2266,35,25,011010,001001,010011,0-10--,3,0.5,False
2267,35,26,011010,010010,001000,01-010,5,0.8333333333333334,False
2268,35,27,011010,100101,111111,------,0,0.0,False
2269,35,28,011010,001011,010001,0-101-,4,0.6666666666666666,False
2270,35,29,011010,010110,001100,01--10,4,0.6666666666666666,False
2271,35,30,011010,101100,110110,--1--0,2,0.3333333333333333,False
2272,35,31,011010,011001,000011,0110--,4,0.6666666666666666,False
2273,35,32,011010,110011,101001,-1-01-,3,0.5,False
2274,35,33,011010,100110,111100,----10,2,0.3333333333333333,False
2275,35,34,011010,001101,010111,0-1---,2,0.3333333333333333,False
2276,35,35,011010,011010,000000,011010,6,1.0,False
2277,35,36,011010,110100,101110,-1---0,2,0.3333333333333333,False
2278,35,37,011010,101001,110011,--10--,2,0.3333333333333333,False
2279,35,38,011010,010011,001001,01-01-,4,0.6666666666666666,False
2280,35,39,011010,100111,111101,----1-,1,0.16666666666666666,False
2281,35,40,011010,001111,010101,0-1-1-,3,0.5,False
2282,35,41,011010,011110,000100,011-10,5,0.8333333333333334,False
2283,35,42,011010,111101,100111,-11---,2,0.3333333333333333,False
2284,35,43,011010,111010,100000,-11010,5,0.8333333333333334,False
2285,35,44,011010,110101,101111,-1----,1,0.16666666666666666,False
2286,35,45,011010,101010,110000,--1010,4,0.6666666666666666,False
2287,35,46,011010,010101,001111,01----,2,0.3333333333333333,False
2288,35,47,011010,101011,110001,--101-,3,0.5,False
2289,35,48,011010,010111,001101,01--1-,3,0.5,False
2290,35,49,011010,101110,110100,--1-10,3,0.5,False
2291,35,50,011010,011101,000111,011---,3,0.5,False
2292,35,51,011010,111011,100001,-1101-,4,0.6666666666666666,False
2293,35,52,011010,110110,101100,-1--10,3,0.5,False
2294,35,53,011010,101101,110111,--1---,1,0.16666666666666666,False
2295,35,54,011010,011011,000001,01101-,5,0.8333333333333334,False
2296,35,55,011010,110111,101101,-1--1-,2,0.3333333333333333,False
2297,35,56,011010,101111,110101,--1-1-,2,0.3333333333333333,False
2298,35,57,011010,011111,000101,011-1-,4,0.6666666666666666,False
2299,35,58,011010,111111,100101,-11-1-,3,0.5,False
2300,35,59,011010,111110,100100,-11-10,4,0.6666666666666666,False
2301,35,60,011010,111100,100110,-11--0,3,0.5,False
2302,35,61,011010,111000,100010,-110-0,4,0.6666666666666666,False
2303,35,62,011010,110000,101010,-1-0-0,3,0.5,False
2304,35,63,011010,100000,111010,---0-0,2,0.3333333333333333,False
2305,36,0,110100,000000,110100,--0-00,3,0.5,False
2306,36,1,110100,000001,110101,--0-0-,2,0.3333333333333333,False
2307,36,2,110100,000010,110110,--0--0,2,0.3333333333333333,False
2308,36,3,110100,000100,110000,--0100,4,0.6666666666666666,False
2309,36,4,110100,001000,111100,----00,2,0.3333333333333333,False
2310,36,5,110100,010000,100100,-10-00,4,0.6666666666666666,False
2311,36,6,110100,100001,010101,1-0-0-,3,0.5,True
2312,36,7,110100,000011,110111,--0---,1,0.16666666666666666,False
2313,36,8,110100,000110,110010,--01-0,3,0.5,False
2314,36,9,110100,001100,111000,---100,3,0.5,False
2315,36,10,110100,011000,101100,-1--00,3,0.5,False
2316,36,11,110100,110001,000101,110-0-,4,0.6666666666666666,True
2317,36,12,110100,100010,010110,1-0--0,3,0.5,True
2318,36,13,110100,000101,110001,--010-,3,0.5,False
2319,36,14,110100,001010,111110,-----0,1,0.16666666666666666,False
2320,36,15,110100,010100,100000,-10100,5,0.8333333333333334,False
2321,36,16,110100,101000,011100,1---00,3,0.5,True
2322,36,17,110100,010001,100101,-10-0-,3,0.5,False
2323,36,18,110100,100011,010111,1-0---,2,0.3333333333333333,True
2324,36,19,110100,000111,110011,--01--,2,0.3333333333333333,False
2325,36,20,110100,001110,111010,---1-0,2,0.3333333333333333,False
2326,36,21,110100,011100,101000,-1-100,4,0.6666666666666666,False
2327,36,22,110100,111001,001101,11--0-,3,0.5,True
2328,36,23,110100,110010,000110,110--0,4,0.6666666666666666,True
2329,36,24,110100,100100,010000,1-0100,5,0.8333333333333334,True
2330,36,25,110100,001001,111101,----0-,1,0.16666666666666666,False
2331,36,26,110100,010010,100110,-10--0,3,0.5,False
2332,36,27,110100,100101,010001,1-010-,4,0.6666666666666666,True
2333,36,28,110100,001011,111111,------,0,0.0,False
2334,36,29,110100,010110,100010,-101-0,4,0.6666666666666666,False
2335,36,30,110100,101100,011000,1--100,4,0.6666666666666666,True
2336,36,31,110100,011001,101101,-1--0-,2,0.3333333333333333,False
2337,36,32,110100,110011,000111,110---,3,0.5,True
2338,36,33,110100,100110,010010,1-01-0,4,0.6666666666666666,True
2339,36,34,110100,001101,111001,---10-,2,0.3333333333333333,False
2340,36,35,110100,011010,101110,-1---0,2,0.3333333333333333,False
2341,36,36,110100,110100,000000,110100,6,1.0,True
2342,36,37,110100,101001,011101,1---0-,2,0.3333333333333333,True
2343,36,38,110100,010011,100111,-10---,2,0.3333333333333333,False
2344,36,39,110100,100111,010011,1-01--,3,0.5,True
2345,36,40,110100,001111,111011,---1--,1,0.16666666666666666,False
2346,36,41,110100,011110,101010,-1-1-0,3,0.5,False
2347,36,42,110100,111101,001001,11-10-,4,0.6666666666666666,True
2348,36,43,110100,111010,001110,11---0,3,0.5,True
2349,36,44,110100,110101,000001,11010-,5,0.8333333333333334,True
2350,36,45,110100,101010,011110,1----0,2,0.3333333333333333,True
2351,36,46,110100,010101,100001,-1010-,4,0.6666666666666666,False
2352,36,47,110100,101011,011111,1-----,1,0.16666666666666666,True
2353,36,48,110100,010111,100011,-101--,3,0.5,False
2354,36,49,110100,101110,011010,1--1-0,3,0.5,True
2355,36,50,110100,011101,101001,-1-10-,3,0.5,False
2356,36,51,110100,111011,001111,11----,2,0.3333333333333333,True
2357,36,52,110100,110110,000010,1101-0,5,0.8333333333333334,True
2358,36,53,110100,101101,011001,1--10-,3,0.5,True
2359,36,54,110100,011011,101111,-1----,1,0.16666666666666666,False
2360,36,55,110100,110111,000011,1101--,4,0.6666666666666666,True
2361,36,56,110100,101111,011011,1--1--,2,0.3333333333333333,True
2362,36,57,110100,011111,101011,-1-1--,2,0.3333333333333333,False
2363,36,58,110100,111111,001011,11-1--,3,0.5,True
2364,36,59,110100,111110,001010,11-1-0,4,0.6666666666666666,True
2365,36,60,110100,111100,001000,11-100,5,0.8333333333333334,True
2366,36,61,110100,111000,001100,11--00,4,0.6666666666666666,True
2367,36,62,110100,110000,000100,110-00,5,0.8333333333333334,True
2368,36,63,110100,100000,010100,1-0-00,4,0.6666666666666666,True
2369,37,0,101001,000000,101001,-0-00-,3,0.5,False
2370,37,1,101001,000001,101000,-0-001,4,0.6666666666666666,True
2371,37,2,101001,000010,101011,-0-0--,2,0.3333333333333333,False
2372,37,3,101001,000100,101101,-0--0-,2,0.3333333333333333,False
2373,37,4,101001,001000,100001,-0100-,4,0.6666666666666666,False
2374,37,5,101001,010000,111001,---00-,2,0.3333333333333333,False
2375,37,6,101001,100001,001000,10-001,5,0.8333333333333334,True
2376,37,7,101001,000011,101010,-0-0-1,3,0.5,True
2377,37,8,101001,000110,101111,-0----,1,0.16666666666666666,False
2378,37,9,101001,001100,100101,-01-0-,3,0.5,False
2379,37,10,101001,011000,110001,--100-,3,0.5,False
2380,37,11,101001,110001,011000,1--001,4,0.6666666666666666,True
2381,37,12,101001,100010,001011,10-0--,3,0.5,True
2382,37,13,101001,000101,101100,-0--01,3,0.5,True
2383,37,14,101001,001010,100011,-010--,3,0.5,False
2384,37,15,101001,010100,111101,----0-,1,0.16666666666666666,False
2385,37,16,101001,101000,000001,10100-,5,0.8333333333333334,True
2386,37,17,101001,010001,111000,---001,3,0.5,True
2387,37,18,101001,100011,001010,10-0-1,4,0.6666666666666666,True
2388,37,19,101001,000111,101110,-0---1,2,0.3333333333333333,True
2389,37,20,101001,001110,100111,-01---,2,0.3333333333333333,False
2390,37,21,101001,011100,110101,--1-0-,2,0.3333333333333333,False
2391,37,22,101001,111001,010000,1-1001,5,0.8333333333333334,True
2392,37,23,101001,110010,011011,1--0--,2,0.3333333333333333,True
2393,37,24,101001,100100,001101,10--0-,3,0.5,True
2394,37,25,101001,001001,100000,-01001,5,0.8333333333333334,True
2395,37,26,101001,010010,111011,---0--,1,0.16666666666666666,False
2396,37,27,101001,100101,001100,10--01,4,0.6666666666666666,True
2397,37,28,101001,001011,100010,-010-1,4,0.6666666666666666,True
2398,37,29,101001,010110,111111,------,0,0.0,False
2399,37,30,101001,101100,000101,101-0-,4,0.6666666666666666,True
2400,37,31,101001,011001,110000,--1001,4,0.6666666666666666,True
2401,37,32,101001,110011,011010,1--0-1,3,0.5,True
2402,37,33,101001,100110,001111,10----,2,0.3333333333333333,True
2403,37,34,101001,001101,100100,-01-01,4,0.6666666666666666,True
2404,37,35,101001,011010,110011,--10--,2,0.3333333333333333,False
2405,37,36,101001,110100,011101,1---0-,2,0.3333333333333333,True
2406,37,37,101001,101001,000000,101001,6,1.0,True
2407,37,38,101001,010011,111010,---0-1,2,0.3333333333333333,True
2408,37,39,101001,100111,001110,10---1,3,0.5,True
2409,37,40,101001,001111,100110,-01--1,3,0.5,True
2410,37,41,101001,011110,110111,--1---,1,0.16666666666666666,False
2411,37,42,101001,111101,010100,1-1-01,4,0.6666666666666666,True
2412,37,43,101001,111010,010011,1-10--,3,0.5,True
2413,37,44,101001,110101,011100,1---01,3,0.5,True
2414,37,45,101001,101010,000011,1010--,4,0.6666666666666666,True
2415,37,46,101001,010101,111100,----01,2,0.3333333333333333,True
2416,37,47,101001,101011,000010,1010-1,5,0.8333333333333334,True
2417,37,48,101001,010111,111110,-----1,1,0.16666666666666666,True
2418,37,49,101001,101110,000111,101---,3,0.5,True
2419,37,50,101001,011101,110100,--1-01,3,0.5,True
2420,37,51,101001,111011,010010,1-10-1,4,0.6666666666666666,True
2421,37,52,101001,110110,011111,1-----,1,0.16666666666666666,True
2422,37,53,101001,101101,000100,101-01,5,0.8333333333333334,True
2423,37,54,101001,011011,110010,--10-1,3,0.5,True
2424,37,55,101001,110111,011110,1----1,2,0.3333333333333333,True
2425,37,56,101001,101111,000110,101--1,4,0.6666666666666666,True
2426,37,57,101001,011111,110110,--1--1,2,0.3333333333333333,True
2427,37,58,101001,111111,010110,1-1--1,3,0.5,True
2428,37,59,101001,111110,010111,1-1---,2,0.3333333333333333,True
2429,37,60,101001,111100,010101,1-1-0-,3,0.5,True
2430,37,61,101001,111000,010001,1-100-,4,0.6666666666666666,True
2431,37,62,101001,110000,011001,1--00-,3,0.5,True
2432,37,63,101001,100000,001001,10-00-,4,0.6666666666666666,True
2433,38,0,010011,000000,010011,0-00--,3,0.5,False
2434,38,1,010011,000001,010010,0-00-1,4,0.6666666666666666,True
2435,38,2,010011,000010,010001,0-001-,4,0.6666666666666666,False
2436,38,3,010011,000100,010111,0-0---,2,0.3333333333333333,False
2437,38,4,010011,001000,011011,0--0--,2,0.3333333333333333,False
2438,38,5,010011,010000,000011,0100--,4,0.6666666666666666,False
2439,38,6,010011,100001,110010,--00-1,3,0.5,True
2440,38,7,010011,000011,010000,0-0011,5,0.8333333333333334,True
2441,38,8,010011,000110,010101,0-0-1-,3,0.5,False
2442,38,9,010011,001100,011111,0-----,1,0.16666666666666666,False
2443,38,10,010011,011000,001011,01-0--,3,0.5,False
2444,38,11,010011,110001,100010,-100-1,4,0.6666666666666666,True
2445,38,12,010011,100010,110001,--001-,3,0.5,False
2446,38,13,010011,000101,010110,0-0--1,3,0.5,True
2447,38,14,010011,001010,011001,0--01-,3,0.5,False
2448,38,15,010011,010100,000111,010---,3,0.5,False
2449,38,16,010011,101000,111011,---0--,1,0.16666666666666666,False
2450,38,17,010011,010001,000010,0100-1,5,0.8333333333333334,True
2451,38,18,010011,100011,110000,--0011,4,0.6666666666666666,True
2452,38,19,010011,000111,010100,0-0-11,4,0.6666666666666666,True
2453,38,20,010011,001110,011101,0---1-,2,0.3333333333333333,False
2454,38,21,010011,011100,001111,01----,2,0.3333333333333333,False
2455,38,22,010011,111001,101010,-1-0-1,3,0.5,True
2456,38,23,010011,110010,100001,-1001-,4,0.6666666666666666,False
2457,38,24,010011,100100,110111,--0---,1,0.16666666666666666,False
2458,38,25,010011,001001,011010,0--0-1,3,0.5,True
2459,38,26,010011,010010,000001,01001-,5,0.8333333333333334,False
2460,38,27,010011,100101,110110,--0--1,2,0.3333333333333333,True
2461,38,28,010011,001011,011000,0--011,4,0.6666666666666666,True
2462,38,29,010011,010110,000101,010-1-,4,0.6666666666666666,False
2463,38,30,010011,101100,111111,------,0,0.0,False
2464,38,31,010011,011001,001010,01-0-1,4,0.6666666666666666,True
2465,38,32,010011,110011,100000,-10011,5,0.8333333333333334,True
2466,38,33,010011,100110,110101,--0-1-,2,0.3333333333333333,False
2467,38,34,010011,001101,011110,0----1,2,0.3333333333333333,True
2468,38,35,010011,011010,001001,01-01-,4,0.6666666666666666,False
2469,38,36,010011,110100,100111,-10---,2,0.3333333333333333,False
2470,38,37,010011,101001,111010,---0-1,2,0.3333333333333333,True
2471,38,38,010011,010011,000000,010011,6,1.0,True
2472,38,39,010011,100111,110100,--0-11,3,0.5,True
2473,38,40,010011,001111,011100,0---11,3,0.5,True
2474,38,41,010011,011110,001101,01--1-,3,0.5,False
2475,38,42,010011,111101,101110,-1---1,2,0.3333333333333333,True
2476,38,43,010011,111010,101001,-1-01-,3,0.5,False
2477,38,44,010011,110101,100110,-10--1,3,0.5,True
2478,38,45,010011,101010,111001,---01-,2,0.3333333333333333,False
2479,38,46,010011,010101,000110,010--1,4,0.6666666666666666,True
2480,38,47,010011,101011,111000,---011,3,0.5,True
2481,38,48,010011,010111,000100,010-11,5,0.8333333333333334,True
2482,38,49,010011,101110,111101,----1-,1,0.16666666666666666,False
2483,38,50,010011,011101,001110,01---1,3,0.5,True
2484,38,51,010011,111011,101000,-1-011,4,0.6666666666666666,True
2485,38,52,010011,110110,100101,-10-1-,3,0.5,False
2486,38,53,010011,101101,111110,-----1,1,0.16666666666666666,True
2487,38,54,010011,011011,001000,01-011,5,0.8333333333333334,True
2488,38,55,010011,110111,100100,-10-11,4,0.6666666666666666,True
2489,38,56,010011,101111,111100,----11,2,0.3333333333333333,True
2490,38,57,010011,011111,001100,01--11,4,0.6666666666666666,True
2491,38,58,010011,111111,101100,-1--11,3,0.5,True
2492,38,59,010011,111110,101101,-1--1-,2,0.3333333333333333,False
2493,38,60,010011,111100,101111,-1----,1,0.16666666666666666,False
2494,38,61,010011,111000,101011,-1-0--,2,0.3333333333333333,False
2495,38,62,010011,110000,100011,-100--,3,0.5,False
2496,38,63,010011,100000,110011,--00--,2,0.3333333333333333,False
2497,39,0,100111,000000,100111,-00---,2,0.3333333333333333,False
2498,39,1,100111,000001,100110,-00--1,3,0.5,True
2499,39,2,100111,000010,100101,-00-1-,3,0.5,False
2500,39,3,100111,000100,100011,-001--,3,0.5,False
2501,39,4,100111,001000,101111,-0----,1,0.16666666666666666,False
2502,39,5,100111,010000,110111,--0---,1,0.16666666666666666,False
2503,39,6,100111,100001,000110,100--1,4,0.6666666666666666,True
2504,39,7,100111,000011,100100,-00-11,4,0.6666666666666666,True
2505,39,8,100111,000110,100001,-0011-,4,0.6666666666666666,False
2506,39,9,100111,001100,101011,-0-1--,2,0.3333333333333333,False
2507,39,10,100111,011000,111111,------,0,0.0,False
2508,39,11,100111,110001,010110,1-0--1,3,0.5,True
2509,39,12,100111,100010,000101,100-1-,4,0.6666666666666666,True
2510,39,13,100111,000101,100010,-001-1,4,0.6666666666666666,True
2511,39,14,100111,001010,101101,-0--1-,2,0.3333333333333333,False
2512,39,15,100111,010100,110011,--01--,2,0.3333333333333333,False
2513,39,16,100111,101000,001111,10----,2,0.3333333333333333,True
2514,39,17,100111,010001,110110,--0--1,2,0.3333333333333333,True
2515,39,18,100111,100011,000100,100-11,5,0.8333333333333334,True
2516,39,19,100111,000111,100000,-00111,5,0.8333333333333334,True
2517,39,20,100111,001110,101001,-0-11-,3,0.5,False
2518,39,21,100111,011100,111011,---1--,1,0.16666666666666666,False
2519,39,22,100111,111001,011110,1----1,2,0.3333333333333333,True
2520,39,23,100111,110010,010101,1-0-1-,3,0.5,True
2521,39,24,100111,100100,000011,1001--,4,0.6666666666666666,True
2522,39,25,100111,001001,101110,-0---1,2,0.3333333333333333,True
2523,39,26,100111,010010,110101,--0-1-,2,0.3333333333333333,False
2524,39,27,100111,100101,000010,1001-1,5,0.8333333333333334,True
2525,39,28,100111,001011,101100,-0--11,3,0.5,True
2526,39,29,100111,010110,110001,--011-,3,0.5,False
2527,39,30,100111,101100,001011,10-1--,3,0.5,True
2528,39,31,100111,011001,111110,-----1,1,0.16666666666666666,True
2529,39,32,100111,110011,010100,1-0-11,4,0.6666666666666666,True
2530,39,33,100111,100110,000001,10011-,5,0.8333333333333334,True
2531,39,34,100111,001101,101010,-0-1-1,3,0.5,True
2532,39,35,100111,011010,111101,----1-,1,0.16666666666666666,False
2533,39,36,100111,110100,010011,1-01--,3,0.5,True
2534,39,37,100111,101001,001110,10---1,3,0.5,True
2535,39,38,100111,010011,110100,--0-11,3,0.5,True
2536,39,39,100111,100111,000000,100111,6,1.0,True
2537,39,40,100111,001111,101000,-0-111,4,0.6666666666666666,True
2538,39,41,100111,011110,111001,---11-,2,0.3333333333333333,False
2539,39,42,100111,111101,011010,1--1-1,3,0.5,True
2540,39,43,100111,111010,011101,1---1-,2,0.3333333333333333,True
2541,39,44,100111,110101,010010,1-01-1,4,0.6666666666666666,True
2542,39,45,100111,101010,001101,10--1-,3,0.5,True
2543,39,46,100111,010101,110010,--01-1,3,0.5,True
2544,39,47,100111,101011,001100,10--11,4,0.6666666666666666,True
2545,39,48,100111,010111,110000,--0111,4,0.6666666666666666,True
2546,39,49,100111,101110,001001,10-11-,4,0.6666666666666666,True
2547,39,50,100111,011101,111010,---1-1,2,0.3333333333333333,True
2548,39,51,100111,111011,011100,1---11,3,0.5,True
2549,39,52,100111,110110,010001,1-011-,4,0.6666666666666666,True
2550,39,53,100111,101101,001010,10-1-1,4,0.6666666666666666,True
2551,39,54,100111,011011,111100,----11,2,0.3333333333333333,True
2552,39,55,100111,110111,010000,1-0111,5,0.8333333333333334,True
2553,39,56,100111,101111,001000,10-111,5,0.8333333333333334,True
2554,39,57,100111,011111,111000,---111,3,0.5,True
2555,39,58,100111,111111,011000,1--111,4,0.6666666666666666,True
2556,39,59,100111,111110,011001,1--11-,3,0.5,True
2557,39,60,100111,111100,011011,1--1--,2,0.3333333333333333,True
2558,39,61,100111,111000,011111,1-----,1,0.16666666666666666,True
2559,39,62,100111,110000,010111,1-0---,2,0.3333333333333333,True
2560,39,63,100111,100000,000111,100---,3,0.5,True
2561,40,0,001111,000000,001111,00----,2,0.3333333333333333,False
2562,40,1,001111,000001,001110,00---1,3,0.5,True
2563,40,2,001111,000010,001101,00--1-,3,0.5,False
2564,40,3,001111,000100,001011,00-1--,3,0.5,False
2565,40,4,001111,001000,000111,001---,3,0.5,False
2566,40,5,001111,010000,011111,0-----,1,0.16666666666666666,False
2567,40,6,001111,100001,101110,-0---1,2,0.3333333333333333,True
2568,40,7,001111,000011,001100,00--11,4,0.6666666666666666,True
2569,40,8,001111,000110,001001,00-11-,4,0.6666666666666666,False
2570,40,9,001111,001100,000011,0011--,4,0.6666666666666666,False
2571,40,10,001111,011000,010111,0-1---,2,0.3333333333333333,False
2572,40,11,001111,110001,111110,-----1,1,0.16666666666666666,True
2573,40,12,001111,100010,101101,-0--1-,2,0.3333333333333333,False
2574,40,13,001111,000101,001010,00-1-1,4,0.6666666666666666,True
2575,40,14,001111,001010,000101,001-1-,4,0.6666666666666666,False
2576,40,15,001111,010100,011011,0--1--,2,0.3333333333333333,False
2577,40,16,001111,101000,100111,-01---,2,0.3333333333333333,False
2578,40,17,001111,010001,011110,0----1,2,0.3333333333333333,True
2579,40,18,001111,100011,101100,-0--11,3,0.5,True
2580,40,19,001111,000111,001000,00-111,5,0.8333333333333334,True
2581,40,20,001111,001110,000001,00111-,5,0.8333333333333334,False
2582,40,21,001111,011100,010011,0-11--,3,0.5,False
2583,40,22,001111,111001,110110,--1--1,2,0.3333333333333333,True
2584,40,23,001111,110010,111101,----1-,1,0.16666666666666666,False
2585,40,24,001111,100100,101011,-0-1--,2,0.3333333333333333,False
2586,40,25,001111,001001,000110,001--1,4,0.6666666666666666,True
2587,40,26,001111,010010,011101,0---1-,2,0.3333333333333333,False
2588,40,27,001111,100101,101010,-0-1-1,3,0.5,True
2589,40,28,001111,001011,000100,001-11,5,0.8333333333333334,True
2590,40,29,001111,010110,011001,0--11-,3,0.5,False
2591,40,30,001111,101100,100011,-011--,3,0.5,False
2592,40,31,001111,011001,010110,0-1--1,3,0.5,True
2593,40,32,001111,110011,111100,----11,2,0.3333333333333333,True
2594,40,33,001111,100110,101001,-0-11-,3,0.5,False
2595,40,34,001111,001101,000010,0011-1,5,0.8333333333333334,True
2596,40,35,001111,011010,010101,0-1-1-,3,0.5,False
2597,40,36,001111,110100,111011,---1--,1,0.16666666666666666,False
2598,40,37,001111,101001,100110,-01--1,3,0.5,True
2599,40,38,001111,010011,011100,0---11,3,0.5,True
2600,40,39,001111,100111,101000,-0-111,4,0.6666666666666666,True
2601,40,40,001111,001111,000000,001111,6,1.0,True
2602,40,41,001111,011110,010001,0-111-,4,0.6666666666666666,False
2603,40,42,001111,111101,110010,--11-1,3,0.5,True
2604,40,43,001111,111010,110101,--1-1-,2,0.3333333333333333,False
2605,40,44,001111,110101,111010,---1-1,2,0.3333333333333333,True
2606,40,45,001111,101010,100101,-01-1-,3,0.5,False
2607,40,46,001111,010101,011010,0--1-1,3,0.5,True
2608,40,47,001111,101011,100100,-01-11,4,0.6666666666666666,True
2609,40,48,001111,010111,011000,0--111,4,0.6666666666666666,True
2610,40,49,001111,101110,100001,-0111-,4,0.6666666666666666,False
2611,40,50,001111,011101,010010,0-11-1,4,0.6666666666666666,True
2612,40,51,001111,111011,110100,--1-11,3,0.5,True
2613,40,52,001111,110110,111001,---11-,2,0.3333333333333333,False
2614,40,53,001111,101101,100010,-011-1,4,0.6666666666666666,True
2615,40,54,001111,011011,010100,0-1-11,4,0.6666666666666666,True
2616,40,55,001111,110111,111000,---111,3,0.5,True
2617,40,56,001111,101111,100000,-01111,5,0.8333333333333334,True
2618,40,57,001111,011111,010000,0-1111,5,0.8333333333333334,True
2619,40,58,001111,111111,110000,--1111,4,0.6666666666666666,True
2620,40,59,001111,111110,110001,--111-,3,0.5,False
2621,40,60,001111,111100,110011,--11--,2,0.3333333333333333,False
2622,40,61,001111,111000,110111,--1---,1,0.16666666666666666,False
2623,40,62,001111,110000,111111,------,0,0.0,False
2624,40,63,001111,100000,101111,-0----,1,0.16666666666666666,False
2625,41,0,011110,000000,011110,0----0,2,0.3333333333333333,False
2626,41,1,011110,000001,011111,0-----,1,0.16666666666666666,False
2627,41,2,011110,000010,011100,0---10,3,0.5,False
2628,41,3,011110,000100,011010,0--1-0,3,0.5,False
2629,41,4,011110,001000,010110,0-1--0,3,0.5,False
2630,41,5,011110,010000,001110,01---0,3,0.5,False
2631,41,6,011110,100001,111111,------,0,0.0,False
2632,41,7,011110,000011,011101,0---1-,2,0.3333333333333333,False
2633,41,8,011110,000110,011000,0--110,4,0.6666666666666666,False
2634,41,9,011110,001100,010010,0-11-0,4,0.6666666666666666,False
2635,41,10,011110,011000,000110,011--0,4,0.6666666666666666,False
2636,41,11,011110,110001,101111,-1----,1,0.16666666666666666,False
2637,41,12,011110,100010,111100,----10,2,0.3333333333333333,False
2638,41,13,011110,000101,011011,0--1--,2,0.3333333333333333,False
2639,41,14,011110,001010,010100,0-1-10,4,0.6666666666666666,False
2640,41,15,011110,010100,001010,01-1-0,4,0.6666666666666666,False
2641,41,16,011110,101000,110110,--1--0,2,0.3333333333333333,False
2642,41,17,011110,010001,001111,01----,2,0.3333333333333333,False
2643,41,18,011110,100011,111101,----1-,1,0.16666666666666666,False
2644,41,19,011110,000111,011001,0--11-,3,0.5,False
2645,41,20,011110,001110,010000,0-1110,5,0.8333333333333334,False
2646,41,21,011110,011100,000010,0111-0,5,0.8333333333333334,False
2647,41,22,011110,111001,100111,-11---,2,0.3333333333333333,False
2648,41,23,011110,110010,101100,-1--10,3,0.5,False
2649,41,24,011110,100100,111010,---1-0,2,0.3333333333333333,False
2650,41,25,011110,001001,010111,0-1---,2,0.3333333333333333,False
2651,41,26,011110,010010,001100,01--10,4,0.6666666666666666,False
2652,41,27,011110,100101,111011,---1--,1,0.16666666666666666,False
2653,41,28,011110,001011,010101,0-1-1-,3,0.5,False
2654,41,29,011110,010110,001000,01-110,5,0.8333333333333334,False
2655,41,30,011110,101100,110010,--11-0,3,0.5,False
2656,41,31,011110,011001,000111,011---,3,0.5,False
2657,41,32,011110,110011,101101,-1--1-,2,0.3333333333333333,False
2658,41,33,011110,100110,111000,---110,3,0.5,False
2659,41,34,011110,001101,010011,0-11--,3,0.5,False
2660,41,35,011110,011010,000100,011-10,5,0.8333333333333334,False
2661,41,36,011110,110100,101010,-1-1-0,3,0.5,False
2662,41,37,011110,101001,110111,--1---,1,0.16666666666666666,False
2663,41,38,011110,010011,001101,01--1-,3,0.5,False
2664,41,39,011110,100111,111001,---11-,2,0.3333333333333333,False
2665,41,40,011110,001111,010001,0-111-,4,0.6666666666666666,False
2666,41,41,011110,011110,000000,011110,6,1.0,False
2667,41,42,011110,111101,100011,-111--,3,0.5,False
2668,41,43,011110,111010,100100,-11-10,4,0.6666666666666666,False
2669,41,44,011110,110101,101011,-1-1--,2,0.3333333333333333,False
2670,41,45,011110,101010,110100,--1-10,3,0.5,False
2671,41,46,011110,010101,001011,01-1--,3,0.5,False
2672,41,47,011110,101011,110101,--1-1-,2,0.3333333333333333,False
2673,41,48,011110,010111,001001,01-11-,4,0.6666666666666666,False
2674,41,49,011110,101110,110000,--1110,4,0.6666666666666666,False
2675,41,50,011110,011101,000011,0111--,4,0.6666666666666666,False
2676,41,51,011110,111011,100101,-11-1-,3,0.5,False
2677,41,52,011110,110110,101000,-1-110,4,0.6666666666666666,False
2678,41,53,011110,101101,110011,--11--,2,0.3333333333333333,False
2679,41,54,011110,011011,000101,011-1-,4,0.6666666666666666,False
2680,41,55,011110,110111,101001,-1-11-,3,0.5,False
2681,41,56,011110,101111,110001,--111-,3,0.5,False
2682,41,57,011110,011111,000001,01111-,5,0.8333333333333334,False
2683,41,58,011110,111111,100001,-1111-,4,0.6666666666666666,False
2684,41,59,011110,111110,100000,-11110,5,0.8333333333333334,False
2685,41,60,011110,111100,100010,-111-0,4,0.6666666666666666,False
2686,41,61,011110,111000,100110,-11--0,3,0.5,False
2687,41,62,011110,110000,101110,-1---0,2,0.3333333333333333,False
2688,41,63,011110,100000,111110,-----0,1,0.16666666666666666,False
2689,42,0,111101,000000,111101,----0-,1,0.16666666666666666,False
2690,42,1,111101,000001,111100,----01,2,0.3333333333333333,True
2691,42,2,111101,000010,111111,------,0,0.0,False
2692,42,3,111101,000100,111001,---10-,2,0.3333333333333333,False
2693,42,4,111101,001000,110101,--1-0-,2,0.3333333333333333,False
2694,42,5,111101,010000,101101,-1--0-,2,0.3333333333333333,False
2695,42,6,111101,100001,011100,1---01,3,0.5,True
2696,42,7,111101,000011,111110,-----1,1,0.16666666666666666,True
2697,42,8,111101,000110,111011,---1--,1,0.16666666666666666,False
2698,42,9,111101,001100,110001,--110-,3,0.5,False
2699,42,10,111101,011000,100101,-11-0-,3,0.5,False
2700,42,11,111101,110001,001100,11--01,4,0.6666666666666666,True
2701,42,12,111101,100010,011111,1-----,1,0.16666666666666666,True
2702,42,13,111101,000101,111000,---101,3,0.5,True
2703,42,14,111101,001010,110111,--1---,1,0.16666666666666666,False
2704,42,15,111101,010100,101001,-1-10-,3,0.5,False
2705,42,16,111101,101000,010101,1-1-0-,3,0.5,True
2706,42,17,111101,010001,101100,-1--01,3,0.5,True
2707,42,18,111101,100011,011110,1----1,2,0.3333333333333333,True
2708,42,19,111101,000111,111010,---1-1,2,0.3333333333333333,True
2709,42,20,111101,001110,110011,--11--,2,0.3333333333333333,False
2710,42,21,111101,011100,100001,-1110-,4,0.6666666666666666,False
2711,42,22,111101,111001,000100,111-01,5,0.8333333333333334,True
2712,42,23,111101,110010,001111,11----,2,0.3333333333333333,True
2713,42,24,111101,100100,011001,1--10-,3,0.5,True
2714,42,25,111101,001001,110100,--1-01,3,0.5,True
2715,42,26,111101,010010,101111,-1----,1,0.16666666666666666,False
2716,42,27,111101,100101,011000,1--101,4,0.6666666666666666,True
2717,42,28,111101,001011,110110,--1--1,2,0.3333333333333333,True
2718,42,29,111101,010110,101011,-1-1--,2,0.3333333333333333,False
2719,42,30,111101,101100,010001,1-110-,4,0.6666666666666666,True
2720,42,31,111101,011001,100100,-11-01,4,0.6666666666666666,True
2721,42,32,111101,110011,001110,11---1,3,0.5,True
2722,42,33,111101,100110,011011,1--1--,2,0.3333333333333333,True
2723,42,34,111101,001101,110000,--1101,4,0.6666666666666666,True
2724,42,35,111101,011010,100111,-11---,2,0.3333333333333333,False
2725,42,36,111101,110100,001001,11-10-,4,0.6666666666666666,True
2726,42,37,111101,101001,010100,1-1-01,4,0.6666666666666666,True
2727,42,38,111101,010011,101110,-1---1,2,0.3333333333333333,True
2728,42,39,111101,100111,011010,1--1-1,3,0.5,True
2729,42,40,111101,001111,110010,--11-1,3,0.5,True
2730,42,41,111101,011110,100011,-111--,3,0.5,False
2731,42,42,111101,111101,000000,111101,6,1.0,True
2732,42,43,111101,111010,000111,111---,3,0.5,True
2733,42,44,111101,110101,001000,11-101,5,0.8333333333333334,True
2734,42,45,111101,101010,010111,1-1---,2,0.3333333333333333,True
2735,42,46,111101,010101,101000,-1-101,4,0.6666666666666666,True
2736,42,47,111101,101011,010110,1-1--1,3,0.5,True
2737,42,48,111101,010111,101010,-1-1-1,3,0.5,True
2738,42,49,111101,101110,010011,1-11--,3,0.5,True
2739,42,50,111101,011101,100000,-11101,5,0.8333333333333334,True
2740,42,51,111101,111011,000110,111--1,4,0.6666666666666666,True
2741,42,52,111101,110110,001011,11-1--,3,0.5,True
2742,42,53,111101,101101,010000,1-1101,5,0.8333333333333334,True
2743,42,54,111101,011011,100110,-11--1,3,0.5,True
2744,42,55,111101,110111,001010,11-1-1,4,0.6666666666666666,True
2745,42,56,111101,101111,010010,1-11-1,4,0.6666666666666666,True
2746,42,57,111101,011111,100010,-111-1,4,0.6666666666666666,True
2747,42,58,111101,111111,000010,1111-1,5,0.8333333333333334,True
2748,42,59,111101,111110,000011,1111--,4,0.6666666666666666,True
2749,42,60,111101,111100,000001,11110-,5,0.8333333333333334,True
2750,42,61,111101,111000,000101,111-0-,4,0.6666666666666666,True
2751,42,62,111101,110000,001101,11--0-,3,0.5,True
2752,42,63,111101,100000,011101,1---0-,2,0.3333333333333333,True
2753,43,0,111010,000000,111010,---0-0,2,0.3333333333333333,False
2754,43,1,111010,000001,111011,---0--,1,0.16666666666666666,False
2755,43,2,111010,000010,111000,---010,3,0.5,False
2756,43,3,111010,000100,111110,-----0,1,0.16666666666666666,False
2757,43,4,111010,001000,110010,--10-0,3,0.5,False
2758,43,5,111010,010000,101010,-1-0-0,3,0.5,False
2759,43,6,111010,100001,011011,1--0--,2,0.3333333333333333,True
2760,43,7,111010,000011,111001,---01-,2,0.3333333333333333,False
2761,43,8,111010,000110,111100,----10,2,0.3333333333333333,False
2762,43,9,111010,001100,110110,--1--0,2,0.3333333333333333,False
2763,43,10,111010,011000,100010,-110-0,4,0.6666666666666666,False
2764,43,11,111010,110001,001011,11-0--,3,0.5,True
2765,43,12,111010,100010,011000,1--010,4,0.6666666666666666,True
2766,43,13,111010,000101,111111,------,0,0.0,False
2767,43,14,111010,001010,110000,--1010,4,0.6666666666666666,False
2768,43,15,111010,010100,101110,-1---0,2,0.3333333333333333,False
2769,43,16,111010,101000,010010,1-10-0,4,0.6666666666666666,True
2770,43,17,111010,010001,101011,-1-0--,2,0.3333333333333333,False
2771,43,18,111010,100011,011001,1--01-,3,0.5,True
2772,43,19,111010,000111,111101,----1-,1,0.16666666666666666,False
2773,43,20,111010,001110,110100,--1-10,3,0.5,False
2774,43,21,111010,011100,100110,-11--0,3,0.5,False
2775,43,22,111010,111001,000011,1110--,4,0.6666666666666666,True
2776,43,23,111010,110010,001000,11-010,5,0.8333333333333334,True
2777,43,24,111010,100100,011110,1----0,2,0.3333333333333333,True
2778,43,25,111010,001001,110011,--10--,2,0.3333333333333333,False
2779,43,26,111010,010010,101000,-1-010,4,0.6666666666666666,False
2780,43,27,111010,100101,011111,1-----,1,0.16666666666666666,True
2781,43,28,111010,001011,110001,--101-,3,0.5,False
2782,43,29,111010,010110,101100,-1--10,3,0.5,False
2783,43,30,111010,101100,010110,1-1--0,3,0.5,True
2784,43,31,111010,011001,100011,-110--,3,0.5,False
2785,43,32,111010,110011,001001,11-01-,4,0.6666666666666666,True
2786,43,33,111010,100110,011100,1---10,3,0.5,True
2787,43,34,111010,001101,110111,--1---,1,0.16666666666666666,False
2788,43,35,111010,011010,100000,-11010,5,0.8333333333333334,False
2789,43,36,111010,110100,001110,11---0,3,0.5,True
2790,43,37,111010,101001,010011,1-10--,3,0.5,True
2791,43,38,111010,010011,101001,-1-01-,3,0.5,False
2792,43,39,111010,100111,011101,1---1-,2,0.3333333333333333,True
2793,43,40,111010,001111,110101,--1-1-,2,0.3333333333333333,False
2794,43,41,111010,011110,100100,-11-10,4,0.6666666666666666,False
2795,43,42,111010,111101,000111,111---,3,0.5,True
2796,43,43,111010,111010,000000,111010,6,1.0,True
2797,43,44,111010,110101,001111,11----,2,0.3333333333333333,True
2798,43,45,111010,101010,010000,1-1010,5,0.8333333333333334,True
2799,43,46,111010,010101,101111,-1----,1,0.16666666666666666,False
2800,43,47,111010,101011,010001,1-101-,4,0.6666666666666666,True
2801,43,48,111010,010111,101101,-1--1-,2,0.3333333333333333,False
2802,43,49,111010,101110,010100,1-1-10,4,0.6666666666666666,True
2803,43,50,111010,011101,100111,-11---,2,0.3333333333333333,False
2804,43,51,111010,111011,000001,11101-,5,0.8333333333333334,True
2805,43,52,111010,110110,001100,11--10,4,0.6666666666666666,True
2806,43,53,111010,101101,010111,1-1---,2,0.3333333333333333,True
2807,43,54,111010,011011,100001,-1101-,4,0.6666666666666666,False
2808,43,55,111010,110111,001101,11--1-,3,0.5,True
2809,43,56,111010,101111,010101,1-1-1-,3,0.5,True
2810,43,57,111010,011111,100101,-11-1-,3,0.5,False
2811,43,58,111010,111111,000101,111-1-,4,0.6666666666666666,True
2812,43,59,111010,111110,000100,111-10,5,0.8333333333333334,True
2813,43,60,111010,111100,000110,111--0,4,0.6666666666666666,True
2814,43,61,111010,111000,000010,1110-0,5,0.8333333333333334,True
2815,43,62,111010,110000,001010,11-0-0,4,0.6666666666666666,True
2816,43,63,111010,100000,011010,1--0-0,3,0.5,True
2817,44,0,110101,000000,110101,--0-0-,2,0.3333333333333333,False
2818,44,1,110101,000001,110100,--0-01,3,0.5,True
2819,44,2,110101,000010,110111,--0---,1,0.16666666666666666,False
2820,44,3,110101,000100,110001,--010-,3,0.5,False
2821,44,4,110101,001000,111101,----0-,1,0.16666666666666666,False
2822,44,5,110101,010000,100101,-10-0-,3,0.5,False
2823,44,6,110101,100001,010100,1-0-01,4,0.6666666666666666,True
2824,44,7,110101,000011,110110,--0--1,2,0.3333333333333333,True
2825,44,8,110101,000110,110011,--01--,2,0.3333333333333333,False
2826,44,9,110101,001100,111001,---10-,2,0.3333333333333333,False
2827,44,10,110101,011000,101101,-1--0-,2,0.3333333333333333,False
2828,44,11,110101,110001,000100,110-01,5,0.8333333333333334,True
2829,44,12,110101,100010,010111,1-0---,2,0.3333333333333333,True
2830,44,13,110101,000101,110000,--0101,4,0.6666666666666666,True
2831,44,14,110101,001010,111111,------,0,0.0,False
2832,44,15,110101,010100,100001,-1010-,4,0.6666666666666666,False
2833,44,16,110101,101000,011101,1---0-,2,0.3333333333333333,True
2834,44,17,110101,010001,100100,-10-01,4,0.6666666666666666,True
2835,44,18,110101,100011,010110,1-0--1,3,0.5,True
2836,44,19,110101,000111,110010,--01-1,3,0.5,True
2837,44,20,110101,001110,111011,---1--,1,0.16666666666666666,False
2838,44,21,110101,011100,101001,-1-10-,3,0.5,False
2839,44,22,110101,111001,001100,11--01,4,0.6666666666666666,True
2840,44,23,110101,110010,000111,110---,3,0.5,True
2841,44,24,110101,100100,010001,1-010-,4,0.6666666666666666,True
2842,44,25,110101,001001,111100,----01,2,0.3333333333333333,True
2843,44,26,110101,010010,100111,-10---,2,0.3333333333333333,False
2844,44,27,110101,100101,010000,1-0101,5,0.8333333333333334,True
2845,44,28,110101,001011,111110,-----1,1,0.16666666666666666,True
2846,44,29,110101,010110,100011,-101--,3,0.5,False
2847,44,30,110101,101100,011001,1--10-,3,0.5,True
2848,44,31,110101,011001,101100,-1--01,3,0.5,True
2849,44,32,110101,110011,000110,110--1,4,0.6666666666666666,True
2850,44,33,110101,100110,010011,1-01--,3,0.5,True
2851,44,34,110101,001101,111000,---101,3,0.5,True
2852,44,35,110101,011010,101111,-1----,1,0.16666666666666666,False
2853,44,36,110101,110100,000001,11010-,5,0.8333333333333334,True
2854,44,37,110101,101001,011100,1---01,3,0.5,True
2855,44,38,110101,010011,100110,-10--1,3,0.5,True
2856,44,39,110101,100111,010010,1-01-1,4,0.6666666666666666,True
2857,44,40,110101,001111,111010,---1-1,2,0.3333333333333333,True
2858,44,41,110101,011110,101011,-1-1--,2,0.3333333333333333,False
2859,44,42,110101,111101,001000,11-101,5,0.8333333333333334,True
2860,44,43,110101,111010,001111,11----,2,0.3333333333333333,True
2861,44,44,110101,110101,000000,110101,6,1.0,True
2862,44,45,110101,101010,011111,1-----,1,0.16666666666666666,True
2863,44,46,110101,010101,100000,-10101,5,0.8333333333333334,True
2864,44,47,110101,101011,011110,1----1,2,0.3333333333333333,True
2865,44,48,110101,010111,100010,-101-1,4,0.6666666666666666,True
2866,44,49,110101,101110,011011,1--1--,2,0.3333333333333333,True
2867,44,50,110101,011101,101000,-1-101,4,0.6666666666666666,True
2868,44,51,110101,111011,001110,11---1,3,0.5,True
2869,44,52,110101,110110,000011,1101--,4,0.6666666666666666,True
2870,44,53,110101,101101,011000,1--101,4,0.6666666666666666,True
2871,44,54,110101,011011,101110,-1---1,2,0.3333333333333333,True
2872,44,55,110101,110111,000010,1101-1,5,0.8333333333333334,True
2873,44,56,110101,101111,011010,1--1-1,3,0.5,True
2874,44,57,110101,011111,101010,-1-1-1,3,0.5,True
2875,44,58,110101,111111,001010,11-1-1,4,0.6666666666666666,True
2876,44,59,110101,111110,001011,11-1--,3,0.5,True
2877,44,60,110101,111100,001001,11-10-,4,0.6666666666666666,True
2878,44,61,110101,111000,001101,11--0-,3,0.5,True
2879,44,62,110101,110000,000101,110-0-,4,0.6666666666666666,True
2880,44,63,110101,100000,010101,1-0-0-,3,0.5,True
2881,45,0,101010,000000,101010,-0-0-0,3,0.5,False
2882,45,1,101010,000001,101011,-0-0--,2,0.3333333333333333,False
2883,45,2,101010,000010,101000,-0-010,4,0.6666666666666666,False
2884,45,3,101010,000100,101110,-0---0,2,0.3333333333333333,False
2885,45,4,101010,001000,100010,-010-0,4,0.6666666666666666,False
2886,45,5,101010,010000,111010,---0-0,2,0.3333333333333333,False
2887,45,6,101010,100001,001011,10-0--,3,0.5,True
2888,45,7,101010,000011,101001,-0-01-,3,0.5,False
2889,45,8,101010,000110,101100,-0--10,3,0.5,False
2890,45,9,101010,001100,100110,-01--0,3,0.5,False
2891,45,10,101010,011000,110010,--10-0,3,0.5,False
2892,45,11,101010,110001,011011,1--0--,2,0.3333333333333333,True
2893,45,12,101010,100010,001000,10-010,5,0.8333333333333334,True
2894,45,13,101010,000101,101111,-0----,1,0.16666666666666666,False
2895,45,14,101010,001010,100000,-01010,5,0.8333333333333334,False
2896,45,15,101010,010100,111110,-----0,1,0.16666666666666666,False
2897,45,16,101010,101000,000010,1010-0,5,0.8333333333333334,True
2898,45,17,101010,010001,111011,---0--,1,0.16666666666666666,False
2899,45,18,101010,100011,001001,10-01-,4,0.6666666666666666,True
2900,45,19,101010,000111,101101,-0--1-,2,0.3333333333333333,False
2901,45,20,101010,001110,100100,-01-10,4,0.6666666666666666,False
2902,45,21,101010,011100,110110,--1--0,2,0.3333333333333333,False
2903,45,22,101010,111001,010011,1-10--,3,0.5,True
2904,45,23,101010,110010,011000,1--010,4,0.6666666666666666,True
2905,45,24,101010,100100,001110,10---0,3,0.5,True
2906,45,25,101010,001001,100011,-010--,3,0.5,False
2907,45,26,101010,010010,111000,---010,3,0.5,False
2908,45,27,101010,100101,001111,10----,2,0.3333333333333333,True
2909,45,28,101010,001011,100001,-0101-,4,0.6666666666666666,False
2910,45,29,101010,010110,111100,----10,2,0.3333333333333333,False
2911,45,30,101010,101100,000110,101--0,4,0.6666666666666666,True
2912,45,31,101010,011001,110011,--10--,2,0.3333333333333333,False
2913,45,32,101010,110011,011001,1--01-,3,0.5,True
2914,45,33,101010,100110,001100,10--10,4,0.6666666666666666,True
2915,45,34,101010,001101,100111,-01---,2,0.3333333333333333,False
2916,45,35,101010,011010,110000,--1010,4,0.6666666666666666,False
2917,45,36,101010,110100,011110,1----0,2,0.3333333333333333,True
2918,45,37,101010,101001,000011,1010--,4,0.6666666666666666,True
2919,45,38,101010,010011,111001,---01-,2,0.3333333333333333,False
2920,45,39,101010,100111,001101,10--1-,3,0.5,True
2921,45,40,101010,001111,100101,-01-1-,3,0.5,False
2922,45,41,101010,011110,110100,--1-10,3,0.5,False
2923,45,42,101010,111101,010111,1-1---,2,0.3333333333333333,True
2924,45,43,101010,111010,010000,1-1010,5,0.8333333333333334,True
2925,45,44,101010,110101,011111,1-----,1,0.16666666666666666,True
2926,45,45,101010,101010,000000,101010,6,1.0,True
2927,45,46,101010,010101,111111,------,0,0.0,False
2928,45,47,101010,101011,000001,10101-,5,0.8333333333333334,True
2929,45,48,101010,010111,111101,----1-,1,0.16666666666666666,False
2930,45,49,101010,101110,000100,101-10,5,0.8333333333333334,True
2931,45,50,101010,011101,110111,--1---,1,0.16666666666666666,False
2932,45,51,101010,111011,010001,1-101-,4,0.6666666666666666,True
2933,45,52,101010,110110,011100,1---10,3,0.5,True
2934,45,53,101010,101101,000111,101---,3,0.5,True
2935,45,54,101010,011011,110001,--101-,3,0.5,False
2936,45,55,101010,110111,011101,1---1-,2,0.3333333333333333,True
2937,45,56,101010,101111,000101,101-1-,4,0.6666666666666666,True
2938,45,57,101010,011111,110101,--1-1-,2,0.3333333333333333,False
2939,45,58,101010,111111,010101,1-1-1-,3,0.5,True
2940,45,59,101010,111110,010100,1-1-10,4,0.6666666666666666,True
2941,45,60,101010,111100,010110,1-1--0,3,0.5,True
2942,45,61,101010,111000,010010,1-10-0,4,0.6666666666666666,True
2943,45,62,101010,110000,011010,1--0-0,3,0.5,True
2944,45,63,101010,100000,001010,10-0-0,4,0.6666666666666666,True
2945,46,0,010101,000000,010101,0-0-0-,3,0.5,False
2946,46,1,010101,000001,010100,0-0-01,4,0.6666666666666666,True
2947,46,2,010101,000010,010111,0-0---,2,0.3333333333333333,False
2948,46,3,010101,000100,010001,0-010-,4,0.6666666666666666,False
2949,46,4,010101,001000,011101,0---0-,2,0.3333333333333333,False
2950,46,5,010101,010000,000101,010-0-,4,0.6666666666666666,False
2951,46,6,010101,100001,110100,--0-01,3,0.5,True
2952,46,7,010101,000011,010110,0-0--1,3,0.5,True
2953,46,8,010101,000110,010011,0-01--,3,0.5,False
2954,46,9,010101,001100,011001,0--10-,3,0.5,False
2955,46,10,010101,011000,001101,01--0-,3,0.5,False
2956,46,11,010101,110001,100100,-10-01,4,0.6666666666666666,True
2957,46,12,010101,100010,110111,--0---,1,0.16666666666666666,False
2958,46,13,010101,000101,010000,0-0101,5,0.8333333333333334,True
2959,46,14,010101,001010,011111,0-----,1,0.16666666666666666,False
2960,46,15,010101,010100,000001,01010-,5,0.8333333333333334,False
2961,46,16,010101,101000,111101,----0-,1,0.16666666666666666,False
2962,46,17,010101,010001,000100,010-01,5,0.8333333333333334,True
2963,46,18,010101,100011,110110,--0--1,2,0.3333333333333333,True
2964,46,19,010101,000111,010010,0-01-1,4,0.6666666666666666,True
2965,46,20,010101,001110,011011,0--1--,2,0.3333333333333333,False
2966,46,21,010101,011100,001001,01-10-,4,0.6666666666666666,False
2967,46,22,010101,111001,101100,-1--01,3,0.5,True
2968,46,23,010101,110010,100111,-10---,2,0.3333333333333333,False
2969,46,24,010101,100100,110001,--010-,3,0.5,False
2970,46,25,010101,001001,011100,0---01,3,0.5,True
2971,46,26,010101,010010,000111,010---,3,0.5,False
2972,46,27,010101,100101,110000,--0101,4,0.6666666666666666,True
2973,46,28,010101,001011,011110,0----1,2,0.3333333333333333,True
2974,46,29,010101,010110,000011,0101--,4,0.6666666666666666,False
2975,46,30,010101,101100,111001,---10-,2,0.3333333333333333,False
2976,46,31,010101,011001,001100,01--01,4,0.6666666666666666,True
2977,46,32,010101,110011,100110,-10--1,3,0.5,True
2978,46,33,010101,100110,110011,--01--,2,0.3333333333333333,False
2979,46,34,010101,001101,011000,0--101,4,0.6666666666666666,True
2980,46,35,010101,011010,001111,01----,2,0.3333333333333333,False
2981,46,36,010101,110100,100001,-1010-,4,0.6666666666666666,False
2982,46,37,010101,101001,111100,----01,2,0.3333333333333333,True
2983,46,38,010101,010011,000110,010--1,4,0.6666666666666666,True
2984,46,39,010101,100111,110010,--01-1,3,0.5,True
2985,46,40,010101,001111,011010,0--1-1,3,0.5,True
2986,46,41,010101,011110,001011,01-1--,3,0.5,False
2987,46,42,010101,111101,101000,-1-101,4,0.6666666666666666,True
2988,46,43,010101,111010,101111,-1----,1,0.16666666666666666,False
2989,46,44,010101,110101,100000,-10101,5,0.8333333333333334,True
2990,46,45,010101,101010,111111,------,0,0.0,False
2991,46,46,010101,010101,000000,010101,6,1.0,True
2992,46,47,010101,101011,111110,-----1,1,0.16666666666666666,True
2993,46,48,010101,010111,000010,0101-1,5,0.8333333333333334,True
2994,46,49,010101,101110,111011,---1--,1,0.16666666666666666,False
2995,46,50,010101,011101,001000,01-101,5,0.8333333333333334,True
2996,46,51,010101,111011,101110,-1---1,2,0.3333333333333333,True
2997,46,52,010101,110110,100011,-101--,3,0.5,False
2998,46,53,010101,101101,111000,---101,3,0.5,True
2999,46,54,010101,011011,001110,01---1,3,0.5,True
3000,46,55,010101,110111,100010,-101-1,4,0.6666666666666666,True
3001,46,56,010101,101111,111010,---1-1,2,0.3333333333333333,True
3002,46,57,010101,011111,001010,01-1-1,4,0.6666666666666666,True
3003,46,58,010101,111111,101010,-1-1-1,3,0.5,True
3004,46,59,010101,111110,101011,-1-1--,2,0.3333333333333333,False
3005,46,60,010101,111100,101001,-1-10-,3,0.5,False
3006,46,61,010101,111000,101101,-1--0-,2,0.3333333333333333,False
3007,46,62,010101,110000,100101,-10-0-,3,0.5,False
3008,46,63,010101,100000,110101,--0-0-,2,0.3333333333333333,False
3009,47,0,101011,000000,101011,-0-0--,2,0.3333333333333333,False
3010,47,1,101011,000001,101010,-0-0-1,3,0.5,True
3011,47,2,101011,000010,101001,-0-01-,3,0.5,False
3012,47,3,101011,000100,101111,-0----,1,0.16666666666666666,False
3013,47,4,101011,001000,100011,-010--,3,0.5,False
3014,47,5,101011,010000,111011,---0--,1,0.16666666666666666,False
3015,47,6,101011,100001,001010,10-0-1,4,0.6666666666666666,True
3016,47,7,101011,000011,101000,-0-011,4,0.6666666666666666,True
3017,47,8,101011,000110,101101,-0--1-,2,0.3333333333333333,False
3018,47,9,101011,001100,100111,-01---,2,0.3333333333333333,False
3019,47,10,101011,011000,110011,--10--,2,0.3333333333333333,False
3020,47,11,101011,110001,011010,1--0-1,3,0.5,True
3021,47,12,101011,100010,001001,10-01-,4,0.6666666666666666,True
3022,47,13,101011,000101,101110,-0---1,2,0.3333333333333333,True
3023,47,14,101011,001010,100001,-0101-,4,0.6666666666666666,False
3024,47,15,101011,010100,111111,------,0,0.0,False
3025,47,16,101011,101000,000011,1010--,4,0.6666666666666666,True
3026,47,17,101011,010001,111010,---0-1,2,0.3333333333333333,True
3027,47,18,101011,100011,001000,10-011,5,0.8333333333333334,True
3028,47,19,101011,000111,101100,-0--11,3,0.5,True
3029,47,20,101011,001110,100101,-01-1-,3,0.5,False
3030,47,21,101011,011100,110111,--1---,1,0.16666666666666666,False
3031,47,22,101011,111001,010010,1-10-1,4,0.6666666666666666,True
3032,47,23,101011,110010,011001,1--01-,3,0.5,True
3033,47,24,101011,100100,001111,10----,2,0.3333333333333333,True
3034,47,25,101011,001001,100010,-010-1,4,0.6666666666666666,True
3035,47,26,101011,010010,111001,---01-,2,0.3333333333333333,False
3036,47,27,101011,100101,001110,10---1,3,0.5,True
3037,47,28,101011,001011,100000,-01011,5,0.8333333333333334,True
3038,47,29,101011,010110,111101,----1-,1,0.16666666666666666,False
3039,47,30,101011,101100,000111,101---,3,0.5,True
3040,47,31,101011,011001,110010,--10-1,3,0.5,True
3041,47,32,101011,110011,011000,1--011,4,0.6666666666666666,True
3042,47,33,101011,100110,001101,10--1-,3,0.5,True
3043,47,34,101011,001101,100110,-01--1,3,0.5,True
3044,47,35,101011,011010,110001,--101-,3,0.5,False
3045,47,36,101011,110100,011111,1-----,1,0.16666666666666666,True
3046,47,37,101011,101001,000010,1010-1,5,0.8333333333333334,True
3047,47,38,101011,010011,111000,---011,3,0.5,True
3048,47,39,101011,100111,001100,10--11,4,0.6666666666666666,True
3049,47,40,101011,001111,100100,-01-11,4,0.6666666666666666,True
3050,47,41,101011,011110,110101,--1-1-,2,0.3333333333333333,False
3051,47,42,101011,111101,010110,1-1--1,3,0.5,True
3052,47,43,101011,111010,010001,1-101-,4,0.6666666666666666,True
3053,47,44,101011,110101,011110,1----1,2,0.3333333333333333,True
3054,47,45,101011,101010,000001,10101-,5,0.8333333333333334,True
3055,47,46,101011,010101,111110,-----1,1,0.16666666666666666,True
3056,47,47,101011,101011,000000,101011,6,1.0,True
3057,47,48,101011,010111,111100,----11,2,0.3333333333333333,True
3058,47,49,101011,101110,000101,101-1-,4,0.6666666666666666,True
3059,47,50,101011,011101,110110,--1--1,2,0.3333333333333333,True
3060,47,51,101011,111011,010000,1-1011,5,0.8333333333333334,True
3061,47,52,101011,110110,011101,1---1-,2,0.3333333333333333,True
3062,47,53,101011,101101,000110,101--1,4,0.6666666666666666,True
3063,47,54,101011,011011,110000,--1011,4,0.6666666666666666,True
3064,47,55,101011,110111,011100,1---11,3,0.5,True
3065,47,56,101011,101111,000100,101-11,5,0.8333333333333334,True
3066,47,57,101011,011111,110100,--1-11,3,0.5,True
3067,47,58,101011,111111,010100,1-1-11,4,0.6666666666666666,True
3068,47,59,101011,111110,010101,1-1-1-,3,0.5,True
3069,47,60,101011,111100,010111,1-1---,2,0.3333333333333333,True
3070,47,61,101011,111000,010011,1-10--,3,0.5,True
3071,47,62,101011,110000,011011,1--0--,2,0.3333333333333333,True
3072,47,63,101011,100000,001011,10-0--,3,0.5,True
3073,48,0,010111,000000,010111,0-0---,2,0.3333333333333333,False
3074,48,1,010111,000001,010110,0-0--1,3,0.5,True
3075,48,2,010111,000010,010101,0-0-1-,3,0.5,False
3076,48,3,010111,000100,010011,0-01--,3,0.5,False
3077,48,4,010111,001000,011111,0-----,1,0.16666666666666666,False
3078,48,5,010111,010000,000111,010---,3,0.5,False
3079,48,6,010111,100001,110110,--0--1,2,0.3333333333333333,True
3080,48,7,010111,000011,010100,0-0-11,4,0.6666666666666666,True
3081,48,8,010111,000110,010001,0-011-,4,0.6666666666666666,False
3082,48,9,010111,001100,011011,0--1--,2,0.3333333333333333,False
3083,48,10,010111,011000,001111,01----,2,0.3333333333333333,False
3084,48,11,010111,110001,100110,-10--1,3,0.5,True
3085,48,12,010111,100010,110101,--0-1-,2,0.3333333333333333,False
3086,48,13,010111,000101,010010,0-01-1,4,0.6666666666666666,True
3087,48,14,010111,001010,011101,0---1-,2,0.3333333333333333,False
3088,48,15,010111,010100,000011,0101--,4,0.6666666666666666,False
3089,48,16,010111,101000,111111,------,0,0.0,False
3090,48,17,010111,010001,000110,010--1,4,0.6666666666666666,True
3091,48,18,010111,100011,110100,--0-11,3,0.5,True
3092,48,19,010111,000111,010000,0-0111,5,0.8333333333333334,True
3093,48,20,010111,001110,011001,0--11-,3,0.5,False
3094,48,21,010111,011100,001011,01-1--,3,0.5,False
3095,48,22,010111,111001,101110,-1---1,2,0.3333333333333333,True
3096,48,23,010111,110010,100101,-10-1-,3,0.5,False
3097,48,24,010111,100100,110011,--01--,2,0.3333333333333333,False
3098,48,25,010111,001001,011110,0----1,2,0.3333333333333333,True
3099,48,26,010111,010010,000101,010-1-,4,0.6666666666666666,False
3100,48,27,010111,100101,110010,--01-1,3,0.5,True
3101,48,28,010111,001011,011100,0---11,3,0.5,True
3102,48,29,010111,010110,000001,01011-,5,0.8333333333333334,False
3103,48,30,010111,101100,111011,---1--,1,0.16666666666666666,False
3104,48,31,010111,011001,001110,01---1,3,0.5,True
3105,48,32,010111,110011,100100,-10-11,4,0.6666666666666666,True
3106,48,33,010111,100110,110001,--011-,3,0.5,False
3107,48,34,010111,001101,011010,0--1-1,3,0.5,True
3108,48,35,010111,011010,001101,01--1-,3,0.5,False
3109,48,36,010111,110100,100011,-101--,3,0.5,False
3110,48,37,010111,101001,111110,-----1,1,0.16666666666666666,True
3111,48,38,010111,010011,000100,010-11,5,0.8333333333333334,True
3112,48,39,010111,100111,110000,--0111,4,0.6666666666666666,True
3113,48,40,010111,001111,011000,0--111,4,0.6666666666666666,True
3114,48,41,010111,011110,001001,01-11-,4,0.6666666666666666,False
3115,48,42,010111,111101,101010,-1-1-1,3,0.5,True
3116,48,43,010111,111010,101101,-1--1-,2,0.3333333333333333,False
3117,48,44,010111,110101,100010,-101-1,4,0.6666666666666666,True
3118,48,45,010111,101010,111101,----1-,1,0.16666666666666666,False
3119,48,46,010111,010101,000010,0101-1,5,0.8333333333333334,True
3120,48,47,010111,101011,111100,----11,2,0.3333333333333333,True
3121,48,48,010111,010111,000000,010111,6,1.0,True
3122,48,49,010111,101110,111001,---11-,2,0.3333333333333333,False
3123,48,50,010111,011101,001010,01-1-1,4,0.6666666666666666,True
3124,48,51,010111,111011,101100,-1--11,3,0.5,True
3125,48,52,010111,110110,100001,-1011-,4,0.6666666666666666,False
3126,48,53,010111,101101,111010,---1-1,2,0.3333333333333333,True
3127,48,54,010111,011011,001100,01--11,4,0.6666666666666666,True
3128,48,55,010111,110111,100000,-10111,5,0.8333333333333334,True
3129,48,56,010111,101111,111000,---111,3,0.5,True
3130,48,57,010111,011111,001000,01-111,5,0.8333333333333334,True
3131,48,58,010111,111111,101000,-1-111,4,0.6666666666666666,True
3132,48,59,010111,111110,101001,-1-11-,3,0.5,False
3133,48,60,010111,111100,101011,-1-1--,2,0.3333333333333333,False
3134,48,61,010111,111000,101111,-1----,1,0.16666666666666666,False
3135,48,62,010111,110000,100111,-10---,2,0.3333333333333333,False
3136,48,63,010111,100000,110111,--0---,1,0.16666666666666666,False
3137,49,0,101110,000000,101110,-0---0,2,0.3333333333333333,False
3138,49,1,101110,000001,101111,-0----,1,0.16666666666666666,False
3139,49,2,101110,000010,101100,-0--10,3,0.5,False
3140,49,3,101110,000100,101010,-0-1-0,3,0.5,False
3141,49,4,101110,001000,100110,-01--0,3,0.5,False
3142,49,5,101110,010000,111110,-----0,1,0.16666666666666666,False
3143,49,6,101110,100001,001111,10----,2,0.3333333333333333,True
3144,49,7,101110,000011,101101,-0--1-,2,0.3333333333333333,False
3145,49,8,101110,000110,101000,-0-110,4,0.6666666666666666,False
3146,49,9,101110,001100,100010,-011-0,4,0.6666666666666666,False
3147,49,10,101110,011000,110110,--1--0,2,0.3333333333333333,False
3148,49,11,101110,110001,011111,1-----,1,0.16666666666666666,True
3149,49,12,101110,100010,001100,10--10,4,0.6666666666666666,True
3150,49,13,101110,000101,101011,-0-1--,2,0.3333333333333333,False
3151,49,14,101110,001010,100100,-01-10,4,0.6666666666666666,False
3152,49,15,101110,010100,111010,---1-0,2,0.3333333333333333,False
3153,49,16,101110,101000,000110,101--0,4,0.6666666666666666,True
3154,49,17,101110,010001,111111,------,0,0.0,False
3155,49,18,101110,100011,001101,10--1-,3,0.5,True
3156,49,19,101110,000111,101001,-0-11-,3,0.5,False
3157,49,20,101110,001110,100000,-01110,5,0.8333333333333334,False
3158,49,21,101110,011100,110010,--11-0,3,0.5,False
3159,49,22,101110,111001,010111,1-1---,2,0.3333333333333333,True
3160,49,23,101110,110010,011100,1---10,3,0.5,True
3161,49,24,101110,100100,001010,10-1-0,4,0.6666666666666666,True
3162,49,25,101110,001001,100111,-01---,2,0.3333333333333333,False
3163,49,26,101110,010010,111100,----10,2,0.3333333333333333,False
3164,49,27,101110,100101,001011,10-1--,3,0.5,True
3165,49,28,101110,001011,100101,-01-1-,3,0.5,False
3166,49,29,101110,010110,111000,---110,3,0.5,False
3167,49,30,101110,101100,000010,1011-0,5,0.8333333333333334,True
3168,49,31,101110,011001,110111,--1---,1,0.16666666666666666,False
3169,49,32,101110,110011,011101,1---1-,2,0.3333333333333333,True
3170,49,33,101110,100110,001000,10-110,5,0.8333333333333334,True
3171,49,34,101110,001101,100011,-011--,3,0.5,False
3172,49,35,101110,011010,110100,--1-10,3,0.5,False
3173,49,36,101110,110100,011010,1--1-0,3,0.5,True
3174,49,37,101110,101001,000111,101---,3,0.5,True
3175,49,38,101110,010011,111101,----1-,1,0.16666666666666666,False
3176,49,39,101110,100111,001001,10-11-,4,0.6666666666666666,True
3177,49,40,101110,001111,100001,-0111-,4,0.6666666666666666,False
3178,49,41,101110,011110,110000,--1110,4,0.6666666666666666,False
3179,49,42,101110,111101,010011,1-11--,3,0.5,True
3180,49,43,101110,111010,010100,1-1-10,4,0.6666666666666666,True
3181,49,44,101110,110101,011011,1--1--,2,0.3333333333333333,True
3182,49,45,101110,101010,000100,101-10,5,0.8333333333333334,True
3183,49,46,101110,010101,111011,---1--,1,0.16666666666666666,False
3184,49,47,101110,101011,000101,101-1-,4,0.6666666666666666,True
3185,49,48,101110,010111,111001,---11-,2,0.3333333333333333,False
3186,49,49,101110,101110,000000,101110,6,1.0,True
3187,49,50,101110,011101,110011,--11--,2,0.3333333333333333,False
3188,49,51,101110,111011,010101,1-1-1-,3,0.5,True
3189,49,52,101110,110110,011000,1--110,4,0.6666666666666666,True
3190,49,53,101110,101101,000011,1011--,4,0.6666666666666666,True
3191,49,54,101110,011011,110101,--1-1-,2,0.3333333333333333,False
3192,49,55,101110,110111,011001,1--11-,3,0.5,True
3193,49,56,101110,101111,000001,10111-,5,0.8333333333333334,True
3194,49,57,101110,011111,110001,--111-,3,0.5,False
3195,49,58,101110,111111,010001,1-111-,4,0.6666666666666666,True
3196,49,59,101110,111110,010000,1-1110,5,0.8333333333333334,True
3197,49,60,101110,111100,010010,1-11-0,4,0.6666666666666666,True
3198,49,61,101110,111000,010110,1-1--0,3,0.5,True
3199,49,62,101110,110000,011110,1----0,2,0.3333333333333333,True
3200,49,63,101110,100000,001110,10---0,3,0.5,True
3201,50,0,011101,000000,011101,0---0-,2,0.3333333333333333,False
3202,50,1,011101,000001,011100,0---01,3,0.5,True
3203,50,2,011101,000010,011111,0-----,1,0.16666666666666666,False
3204,50,3,011101,000100,011001,0--10-,3,0.5,False
3205,50,4,011101,001000,010101,0-1-0-,3,0.5,False
3206,50,5,011101,010000,001101,01--0-,3,0.5,False
3207,50,6,011101,100001,111100,----01,2,0.3333333333333333,True
3208,50,7,011101,000011,011110,0----1,2,0.3333333333333333,True
3209,50,8,011101,000110,011011,0--1--,2,0.3333333333333333,False
3210,50,9,011101,001100,010001,0-110-,4,0.6666666666666666,False
3211,50,10,011101,011000,000101,011-0-,4,0.6666666666666666,False
3212,50,11,011101,110001,101100,-1--01,3,0.5,True
3213,50,12,011101,100010,111111,------,0,0.0,False
3214,50,13,011101,000101,011000,0--101,4,0.6666666666666666,True
3215,50,14,011101,001010,010111,0-1---,2,0.3333333333333333,False
3216,50,15,011101,010100,001001,01-10-,4,0.6666666666666666,False
3217,50,16,011101,101000,110101,--1-0-,2,0.3333333333333333,False
3218,50,17,011101,010001,001100,01--01,4,0.6666666666666666,True
3219,50,18,011101,100011,111110,-----1,1,0.16666666666666666,True
3220,50,19,011101,000111,011010,0--1-1,3,0.5,True
3221,50,20,011101,001110,010011,0-11--,3,0.5,False
3222,50,21,011101,011100,000001,01110-,5,0.8333333333333334,False
3223,50,22,011101,111001,100100,-11-01,4,0.6666666666666666,True
3224,50,23,011101,110010,101111,-1----,1,0.16666666666666666,False
3225,50,24,011101,100100,111001,---10-,2,0.3333333333333333,False
3226,50,25,011101,001001,010100,0-1-01,4,0.6666666666666666,True
3227,50,26,011101,010010,001111,01----,2,0.3333333333333333,False
3228,50,27,011101,100101,111000,---101,3,0.5,True
3229,50,28,011101,001011,010110,0-1--1,3,0.5,True
3230,50,29,011101,010110,001011,01-1--,3,0.5,False
3231,50,30,011101,101100,110001,--110-,3,0.5,False
3232,50,31,011101,011001,000100,011-01,5,0.8333333333333334,True
3233,50,32,011101,110011,101110,-1---1,2,0.3333333333333333,True
3234,50,33,011101,100110,111011,---1--,1,0.16666666666666666,False
3235,50,34,011101,001101,010000,0-1101,5,0.8333333333333334,True
3236,50,35,011101,011010,000111,011---,3,0.5,False
3237,50,36,011101,110100,101001,-1-10-,3,0.5,False
3238,50,37,011101,101001,110100,--1-01,3,0.5,True
3239,50,38,011101,010011,001110,01---1,3,0.5,True
3240,50,39,011101,100111,111010,---1-1,2,0.3333333333333333,True
3241,50,40,011101,001111,010010,0-11-1,4,0.6666666666666666,True
3242,50,41,011101,011110,000011,0111--,4,0.6666666666666666,False
3243,50,42,011101,111101,100000,-11101,5,0.8333333333333334,True
3244,50,43,011101,111010,100111,-11---,2,0.3333333333333333,False
3245,50,44,011101,110101,101000,-1-101,4,0.6666666666666666,True
3246,50,45,011101,101010,110111,--1---,1,0.16666666666666666,False
3247,50,46,011101,010101,001000,01-101,5,0.8333333333333334,True
3248,50,47,011101,101011,110110,--1--1,2,0.3333333333333333,True
3249,50,48,011101,010111,001010,01-1-1,4,0.6666666666666666,True
3250,50,49,011101,101110,110011,--11--,2,0.3333333333333333,False
3251,50,50,011101,011101,000000,011101,6,1.0,True
3252,50,51,011101,111011,100110,-11--1,3,0.5,True
3253,50,52,011101,110110,101011,-1-1--,2,0.3333333333333333,False
3254,50,53,011101,101101,110000,--1101,4,0.6666666666666666,True
3255,50,54,011101,011011,000110,011--1,4,0.6666666666666666,True
3256,50,55,011101,110111,101010,-1-1-1,3,0.5,True
3257,50,56,011101,101111,110010,--11-1,3,0.5,True
3258,50,57,011101,011111,000010,0111-1,5,0.8333333333333334,True
3259,50,58,011101,111111,100010,-111-1,4,0.6666666666666666,True
3260,50,59,011101,111110,100011,-111--,3,0.5,False
3261,50,60,011101,111100,100001,-1110-,4,0.6666666666666666,False
3262,50,61,011101,111000,100101,-11-0-,3,0.5,False
3263,50,62,011101,110000,101101,-1--0-,2,0.3333333333333333,False
3264,50,63,011101,100000,111101,----0-,1,0.16666666666666666,False
3265,51,0,111011,000000,111011,---0--,1,0.16666666666666666,False
3266,51,1,111011,000001,111010,---0-1,2,0.3333333333333333,True
3267,51,2,111011,000010,111001,---01-,2,0.3333333333333333,False
3268,51,3,111011,000100,111111,------,0,0.0,False
3269,51,4,111011,001000,110011,--10--,2,0.3333333333333333,False
3270,51,5,111011,010000,101011,-1-0--,2,0.3333333333333333,False
3271,51,6,111011,100001,011010,1--0-1,3,0.5,True
3272,51,7,111011,000011,111000,---011,3,0.5,True
3273,51,8,111011,000110,111101,----1-,1,0.16666666666666666,False
3274,51,9,111011,001100,110111,--1---,1,0.16666666666666666,False
3275,51,10,111011,011000,100011,-110--,3,0.5,False
3276,51,11,111011,110001,001010,11-0-1,4,0.6666666666666666,True
3277,51,12,111011,100010,011001,1--01-,3,0.5,True
3278,51,13,111011,000101,111110,-----1,1,0.16666666666666666,True
3279,51,14,111011,001010,110001,--101-,3,0.5,False
3280,51,15,111011,010100,101111,-1----,1,0.16666666666666666,False
3281,51,16,111011,101000,010011,1-10--,3,0.5,True
3282,51,17,111011,010001,101010,-1-0-1,3,0.5,True
3283,51,18,111011,100011,011000,1--011,4,0.6666666666666666,True
3284,51,19,111011,000111,111100,----11,2,0.3333333333333333,True
3285,51,20,111011,001110,110101,--1-1-,2,0.3333333333333333,False
3286,51,21,111011,011100,100111,-11---,2,0.3333333333333333,False
3287,51,22,111011,111001,000010,1110-1,5,0.8333333333333334,True
3288,51,23,111011,110010,001001,11-01-,4,0.6666666666666666,True
3289,51,24,111011,100100,011111,1-----,1,0.16666666666666666,True
3290,51,25,111011,001001,110010,--10-1,3,0.5,True
3291,51,26,111011,010010,101001,-1-01-,3,0.5,False
3292,51,27,111011,100101,011110,1----1,2,0.3333333333333333,True
3293,51,28,111011,001011,110000,--1011,4,0.6666666666666666,True
3294,51,29,111011,010110,101101,-1--1-,2,0.3333333333333333,False
3295,51,30,111011,101100,010111,1-1---,2,0.3333333333333333,True
3296,51,31,111011,011001,100010,-110-1,4,0.6666666666666666,True
3297,51,32,111011,110011,001000,11-011,5,0.8333333333333334,True
3298,51,33,111011,100110,011101,1---1-,2,0.3333333333333333,True
3299,51,34,111011,001101,110110,--1--1,2,0.3333333333333333,True
3300,51,35,111011,011010,100001,-1101-,4,0.6666666666666666,False
3301,51,36,111011,110100,001111,11----,2,0.3333333333333333,True
3302,51,37,111011,101001,010010,1-10-1,4,0.6666666666666666,True
3303,51,38,111011,010011,101000,-1-011,4,0.6666666666666666,True
3304,51,39,111011,100111,011100,1---11,3,0.5,True
3305,51,40,111011,001111,110100,--1-11,3,0.5,True
3306,51,41,111011,011110,100101,-11-1-,3,0.5,False
3307,51,42,111011,111101,000110,111--1,4,0.6666666666666666,True
3308,51,43,111011,111010,000001,11101-,5,0.8333333333333334,True
3309,51,44,111011,110101,001110,11---1,3,0.5,True
3310,51,45,111011,101010,010001,1-101-,4,0.6666666666666666,True
3311,51,46,111011,010101,101110,-1---1,2,0.3333333333333333,True
3312,51,47,111011,101011,010000,1-1011,5,0.8333333333333334,True
3313,51,48,111011,010111,101100,-1--11,3,0.5,True
3314,51,49,111011,101110,010101,1-1-1-,3,0.5,True
3315,51,50,111011,011101,100110,-11--1,3,0.5,True
3316,51,51,111011,111011,000000,111011,6,1.0,True
3317,51,52,111011,110110,001101,11--1-,3,0.5,True
3318,51,53,111011,101101,010110,1-1--1,3,0.5,True
3319,51,54,111011,011011,100000,-11011,5,0.8333333333333334,True
3320,51,55,111011,110111,001100,11--11,4,0.6666666666666666,True
3321,51,56,111011,101111,010100,1-1-11,4,0.6666666666666666,True
3322,51,57,111011,011111,100100,-11-11,4,0.6666666666666666,True
3323,51,58,111011,111111,000100,111-11,5,0.8333333333333334,True
3324,51,59,111011,111110,000101,111-1-,4,0.6666666666666666,True
3325,51,60,111011,111100,000111,111---,3,0.5,True
3326,51,61,111011,111000,000011,1110--,4,0.6666666666666666,True
3327,51,62,111011,110000,001011,11-0--,3,0.5,True
3328,51,63,111011,100000,011011,1--0--,2,0.3333333333333333,True
3329,52,0,110110,000000,110110,--0--0,2,0.3333333333333333,False
3330,52,1,110110,000001,110111,--0---,1,0.16666666666666666,False
3331,52,2,110110,000010,110100,--0-10,3,0.5,False
3332,52,3,110110,000100,110010,--01-0,3,0.5,False
3333,52,4,110110,001000,111110,-----0,1,0.16666666666666666,False
3334,52,5,110110,010000,100110,-10--0,3,0.5,False
3335,52,6,110110,100001,010111,1-0---,2,0.3333333333333333,True
3336,52,7,110110,000011,110101,--0-1-,2,0.3333333333333333,False
3337,52,8,110110,000110,110000,--0110,4,0.6666666666666666,False
3338,52,9,110110,001100,111010,---1-0,2,0.3333333333333333,False
3339,52,10,110110,011000,101110,-1---0,2,0.3333333333333333,False
3340,52,11,110110,110001,000111,110---,3,0.5,True
3341,52,12,110110,100010,010100,1-0-10,4,0.6666666666666666,True
3342,52,13,110110,000101,110011,--01--,2,0.3333333333333333,False
3343,52,14,110110,001010,111100,----10,2,0.3333333333333333,False
3344,52,15,110110,010100,100010,-101-0,4,0.6666666666666666,False
3345,52,16,110110,101000,011110,1----0,2,0.3333333333333333,True
3346,52,17,110110,010001,100111,-10---,2,0.3333333333333333,False
3347,52,18,110110,100011,010101,1-0-1-,3,0.5,True
3348,52,19,110110,000111,110001,--011-,3,0.5,False
3349,52,20,110110,001110,111000,---110,3,0.5,False
3350,52,21,110110,011100,101010,-1-1-0,3,0.5,False
3351,52,22,110110,111001,001111,11----,2,0.3333333333333333,True
3352,52,23,110110,110010,000100,110-10,5,0.8333333333333334,True
3353,52,24,110110,100100,010010,1-01-0,4,0.6666666666666666,True
3354,52,25,110110,001001,111111,------,0,0.0,False
3355,52,26,110110,010010,100100,-10-10,4,0.6666666666666666,False
3356,52,27,110110,100101,010011,1-01--,3,0.5,True
3357,52,28,110110,001011,111101,----1-,1,0.16666666666666666,False
3358,52,29,110110,010110,100000,-10110,5,0.8333333333333334,False
3359,52,30,110110,101100,011010,1--1-0,3,0.5,True
3360,52,31,110110,011001,101111,-1----,1,0.16666666666666666,False
3361,52,32,110110,110011,000101,110-1-,4,0.6666666666666666,True
3362,52,33,110110,100110,010000,1-0110,5,0.8333333333333334,True
3363,52,34,110110,001101,111011,---1--,1,0.16666666666666666,False
3364,52,35,110110,011010,101100,-1--10,3,0.5,False
3365,52,36,110110,110100,000010,1101-0,5,0.8333333333333334,True
3366,52,37,110110,101001,011111,1-----,1,0.16666666666666666,True
3367,52,38,110110,010011,100101,-10-1-,3,0.5,False
3368,52,39,110110,100111,010001,1-011-,4,0.6666666666666666,True
3369,52,40,110110,001111,111001,---11-,2,0.3333333333333333,False
3370,52,41,110110,011110,101000,-1-110,4,0.6666666666666666,False
3371,52,42,110110,111101,001011,11-1--,3,0.5,True
3372,52,43,110110,111010,001100,11--10,4,0.6666666666666666,True
3373,52,44,110110,110101,000011,1101--,4,0.6666666666666666,True
3374,52,45,110110,101010,011100,1---10,3,0.5,True
3375,52,46,110110,010101,100011,-101--,3,0.5,False
3376,52,47,110110,101011,011101,1---1-,2,0.3333333333333333,True
3377,52,48,110110,010111,100001,-1011-,4,0.6666666666666666,False
3378,52,49,110110,101110,011000,1--110,4,0.6666666666666666,True
3379,52,50,110110,011101,101011,-1-1--,2,0.3333333333333333,False
3380,52,51,110110,111011,001101,11--1-,3,0.5,True
3381,52,52,110110,110110,000000,110110,6,1.0,True
3382,52,53,110110,101101,011011,1--1--,2,0.3333333333333333,True
3383,52,54,110110,011011,101101,-1--1-,2,0.3333333333333333,False
3384,52,55,110110,110111,000001,11011-,5,0.8333333333333334,True
3385,52,56,110110,101111,011001,1--11-,3,0.5,True
3386,52,57,110110,011111,101001,-1-11-,3,0.5,False
3387,52,58,110110,111111,001001,11-11-,4,0.6666666666666666,True
3388,52,59,110110,111110,001000,11-110,5,0.8333333333333334,True
3389,52,60,110110,111100,001010,11-1-0,4,0.6666666666666666,True
3390,52,61,110110,111000,001110,11---0,3,0.5,True
3391,52,62,110110,110000,000110,110--0,4,0.6666666666666666,True
3392,52,63,110110,100000,010110,1-0--0,3,0.5,True
3393,53,0,101101,000000,101101,-0--0-,2,0.3333333333333333,False
3394,53,1,101101,000001,101100,-0--01,3,0.5,True
3395,53,2,101101,000010,101111,-0----,1,0.16666666666666666,False
3396,53,3,101101,000100,101001,-0-10-,3,0.5,False
3397,53,4,101101,001000,100101,-01-0-,3,0.5,False
3398,53,5,101101,010000,111101,----0-,1,0.16666666666666666,False
3399,53,6,101101,100001,001100,10--01,4,0.6666666666666666,True
3400,53,7,101101,000011,101110,-0---1,2,0.3333333333333333,True
3401,53,8,101101,000110,101011,-0-1--,2,0.3333333333333333,False
3402,53,9,101101,001100,100001,-0110-,4,0.6666666666666666,False
3403,53,10,101101,011000,110101,--1-0-,2,0.3333333333333333,False
3404,53,11,101101,110001,011100,1---01,3,0.5,True
3405,53,12,101101,100010,001111,10----,2,0.3333333333333333,True
3406,53,13,101101,000101,101000,-0-101,4,0.6666666666666666,True
3407,53,14,101101,001010,100111,-01---,2,0.3333333333333333,False
3408,53,15,101101,010100,111001,---10-,2,0.3333333333333333,False
3409,53,16,101101,101000,000101,101-0-,4,0.6666666666666666,True
3410,53,17,101101,010001,111100,----01,2,0.3333333333333333,True
3411,53,18,101101,100011,001110,10---1,3,0.5,True
3412,53,19,101101,000111,101010,-0-1-1,3,0.5,True
3413,53,20,101101,001110,100011,-011--,3,0.5,False
3414,53,21,101101,011100,110001,--110-,3,0.5,False
3415,53,22,101101,111001,010100,1-1-01,4,0.6666666666666666,True
3416,53,23,101101,110010,011111,1-----,1,0.16666666666666666,True
3417,53,24,101101,100100,001001,10-10-,4,0.6666666666666666,True
3418,53,25,101101,001001,100100,-01-01,4,0.6666666666666666,True
3419,53,26,101101,010010,111111,------,0,0.0,False
3420,53,27,101101,100101,001000,10-101,5,0.8333333333333334,True
3421,53,28,101101,001011,100110,-01--1,3,0.5,True
3422,53,29,101101,010110,111011,---1--,1,0.16666666666666666,False
3423,53,30,101101,101100,000001,10110-,5,0.8333333333333334,True
3424,53,31,101101,011001,110100,--1-01,3,0.5,True
3425,53,32,101101,110011,011110,1----1,2,0.3333333333333333,True
3426,53,33,101101,100110,001011,10-1--,3,0.5,True
3427,53,34,101101,001101,100000,-01101,5,0.8333333333333334,True
3428,53,35,101101,011010,110111,--1---,1,0.16666666666666666,False
3429,53,36,101101,110100,011001,1--10-,3,0.5,True
3430,53,37,101101,101001,000100,101-01,5,0.8333333333333334,True
3431,53,38,101101,010011,111110,-----1,1,0.16666666666666666,True
3432,53,39,101101,100111,001010,10-1-1,4,0.6666666666666666,True
3433,53,40,101101,001111,100010,-011-1,4,0.6666666666666666,True
3434,53,41,101101,011110,110011,--11--,2,0.3333333333333333,False
3435,53,42,101101,111101,010000,1-1101,5,0.8333333333333334,True
3436,53,43,101101,111010,010111,1-1---,2,0.3333333333333333,True
3437,53,44,101101,110101,011000,1--101,4,0.6666666666666666,True
3438,53,45,101101,101010,000111,101---,3,0.5,True
3439,53,46,101101,010101,111000,---101,3,0.5,True
3440,53,47,101101,101011,000110,101--1,4,0.6666666666666666,True
3441,53,48,101101,010111,111010,---1-1,2,0.3333333333333333,True
3442,53,49,101101,101110,000011,1011--,4,0.6666666666666666,True
3443,53,50,101101,011101,110000,--1101,4,0.6666666666666666,True
3444,53,51,101101,111011,010110,1-1--1,3,0.5,True
3445,53,52,101101,110110,011011,1--1--,2,0.3333333333333333,True
3446,53,53,101101,101101,000000,101101,6,1.0,True
3447,53,54,101101,011011,110110,--1--1,2,0.3333333333333333,True
3448,53,55,101101,110111,011010,1--1-1,3,0.5,True
3449,53,56,101101,101111,000010,1011-1,5,0.8333333333333334,True
3450,53,57,101101,011111,110010,--11-1,3,0.5,True
3451,53,58,101101,111111,010010,1-11-1,4,0.6666666666666666,True
3452,53,59,101101,111110,010011,1-11--,3,0.5,True
3453,53,60,101101,111100,010001,1-110-,4,0.6666666666666666,True
3454,53,61,101101,111000,010101,1-1-0-,3,0.5,True
3455,53,62,101101,110000,011101,1---0-,2,0.3333333333333333,True
3456,53,63,101101,100000,001101,10--0-,3,0.5,True
3457,54,0,011011,000000,011011,0--0--,2,0.3333333333333333,False
3458,54,1,011011,000001,011010,0--0-1,3,0.5,True
3459,54,2,011011,000010,011001,0--01-,3,0.5,False
3460,54,3,011011,000100,011111,0-----,1,0.16666666666666666,False
3461,54,4,011011,001000,010011,0-10--,3,0.5,False
3462,54,5,011011,010000,001011,01-0--,3,0.5,False
3463,54,6,011011,100001,111010,---0-1,2,0.3333333333333333,True
3464,54,7,011011,000011,011000,0--011,4,0.6666666666666666,True
3465,54,8,011011,000110,011101,0---1-,2,0.3333333333333333,False
3466,54,9,011011,001100,010111,0-1---,2,0.3333333333333333,False
3467,54,10,011011,011000,000011,0110--,4,0.6666666666666666,False
3468,54,11,011011,110001,101010,-1-0-1,3,0.5,True
3469,54,12,011011,100010,111001,---01-,2,0.3333333333333333,False
3470,54,13,011011,000101,011110,0----1,2,0.3333333333333333,True
3471,54,14,011011,001010,010001,0-101-,4,0.6666666666666666,False
3472,54,15,011011,010100,001111,01----,2,0.3333333333333333,False
3473,54,16,011011,101000,110011,--10--,2,0.3333333333333333,False
3474,54,17,011011,010001,001010,01-0-1,4,0.6666666666666666,True
3475,54,18,011011,100011,111000,---011,3,0.5,True
3476,54,19,011011,000111,011100,0---11,3,0.5,True
3477,54,20,011011,001110,010101,0-1-1-,3,0.5,False
3478,54,21,011011,011100,000111,011---,3,0.5,False
3479,54,22,011011,111001,100010,-110-1,4,0.6666666666666666,True
3480,54,23,011011,110010,101001,-1-01-,3,0.5,False
3481,54,24,011011,100100,111111,------,0,0.0,False
3482,54,25,011011,001001,010010,0-10-1,4,0.6666666666666666,True
3483,54,26,011011,010010,001001,01-01-,4,0.6666666666666666,False
3484,54,27,011011,100101,111110,-----1,1,0.16666666666666666,True
3485,54,28,011011,001011,010000,0-1011,5,0.8333333333333334,True
3486,54,29,011011,010110,001101,01--1-,3,0.5,False
3487,54,30,011011,101100,110111,--1---,1,0.16666666666666666,False
3488,54,31,011011,011001,000010,0110-1,5,0.8333333333333334,True
3489,54,32,011011,110011,101000,-1-011,4,0.6666666666666666,True
3490,54,33,011011,100110,111101,----1-,1,0.16666666666666666,False
3491,54,34,011011,001101,010110,0-1--1,3,0.5,True
3492,54,35,011011,011010,000001,01101-,5,0.8333333333333334,False
3493,54,36,011011,110100,101111,-1----,1,0.16666666666666666,False
3494,54,37,011011,101001,110010,--10-1,3,0.5,True
3495,54,38,011011,010011,001000,01-011,5,0.8333333333333334,True
3496,54,39,011011,100111,111100,----11,2,0.3333333333333333,True
3497,54,40,011011,001111,010100,0-1-11,4,0.6666666666666666,True
3498,54,41,011011,011110,000101,011-1-,4,0.6666666666666666,False
3499,54,42,011011,111101,100110,-11--1,3,0.5,True
3500,54,43,011011,111010,100001,-1101-,4,0.6666666666666666,False
3501,54,44,011011,110101,101110,-1---1,2,0.3333333333333333,True
3502,54,45,011011,101010,110001,--101-,3,0.5,False
3503,54,46,011011,010101,001110,01---1,3,0.5,True
3504,54,47,011011,101011,110000,--1011,4,0.6666666666666666,True
3505,54,48,011011,010111,001100,01--11,4,0.6666666666666666,True
3506,54,49,011011,101110,110101,--1-1-,2,0.3333333333333333,False
3507,54,50,011011,011101,000110,011--1,4,0.6666666666666666,True
3508,54,51,011011,111011,100000,-11011,5,0.8333333333333334,True
3509,54,52,011011,110110,101101,-1--1-,2,0.3333333333333333,False
3510,54,53,011011,101101,110110,--1--1,2,0.3333333333333333,True
3511,54,54,011011,011011,000000,011011,6,1.0,True
3512,54,55,011011,110111,101100,-1--11,3,0.5,True
3513,54,56,011011,101111,110100,--1-11,3,0.5,True
3514,54,57,011011,011111,000100,011-11,5,0.8333333333333334,True
3515,54,58,011011,111111,100100,-11-11,4,0.6666666666666666,True
3516,54,59,011011,111110,100101,-11-1-,3,0.5,False
3517,54,60,011011,111100,100111,-11---,2,0.3333333333333333,False
3518,54,61,011011,111000,100011,-110--,3,0.5,False
3519,54,62,011011,110000,101011,-1-0--,2,0.3333333333333333,False
3520,54,63,011011,100000,111011,---0--,1,0.16666666666666666,False
3521,55,0,110111,000000,110111,--0---,1,0.16666666666666666,False
3522,55,1,110111,000001,110110,--0--1,2,0.3333333333333333,True
3523,55,2,110111,000010,110101,--0-1-,2,0.3333333333333333,False
3524,55,3,110111,000100,110011,--01--,2,0.3333333333333333,False
3525,55,4,110111,001000,111111,------,0,0.0,False
3526,55,5,110111,010000,100111,-10---,2,0.3333333333333333,False
3527,55,6,110111,100001,010110,1-0--1,3,0.5,True
3528,55,7,110111,000011,110100,--0-11,3,0.5,True
3529,55,8,110111,000110,110001,--011-,3,0.5,False
3530,55,9,110111,001100,111011,---1--,1,0.16666666666666666,False
3531,55,10,110111,011000,101111,-1----,1,0.16666666666666666,False
3532,55,11,110111,110001,000110,110--1,4,0.6666666666666666,True
3533,55,12,110111,100010,010101,1-0-1-,3,0.5,True
3534,55,13,110111,000101,110010,--01-1,3,0.5,True
3535,55,14,110111,001010,111101,----1-,1,0.16666666666666666,False
3536,55,15,110111,010100,100011,-101--,3,0.5,False
3537,55,16,110111,101000,011111,1-----,1,0.16666666666666666,True
3538,55,17,110111,010001,100110,-10--1,3,0.5,True
3539,55,18,110111,100011,010100,1-0-11,4,0.6666666666666666,True
3540,55,19,110111,000111,110000,--0111,4,0.6666666666666666,True
3541,55,20,110111,001110,111001,---11-,2,0.3333333333333333,False
3542,55,21,110111,011100,101011,-1-1--,2,0.3333333333333333,False
3543,55,22,110111,111001,001110,11---1,3,0.5,True
3544,55,23,110111,110010,000101,110-1-,4,0.6666666666666666,True
3545,55,24,110111,100100,010011,1-01--,3,0.5,True
3546,55,25,110111,001001,111110,-----1,1,0.16666666666666666,True
3547,55,26,110111,010010,100101,-10-1-,3,0.5,False
3548,55,27,110111,100101,010010,1-01-1,4,0.6666666666666666,True
3549,55,28,110111,001011,111100,----11,2,0.3333333333333333,True
3550,55,29,110111,010110,100001,-1011-,4,0.6666666666666666,False
3551,55,30,110111,101100,011011,1--1--,2,0.3333333333333333,True
3552,55,31,110111,011001,101110,-1---1,2,0.3333333333333333,True
3553,55,32,110111,110011,000100,110-11,5,0.8333333333333334,True
3554,55,33,110111,100110,010001,1-011-,4,0.6666666666666666,True
3555,55,34,110111,001101,111010,---1-1,2,0.3333333333333333,True
3556,55,35,110111,011010,101101,-1--1-,2,0.3333333333333333,False
3557,55,36,110111,110100,000011,1101--,4,0.6666666666666666,True
3558,55,37,110111,101001,011110,1----1,2,0.3333333333333333,True
3559,55,38,110111,010011,100100,-10-11,4,0.6666666666666666,True
3560,55,39,110111,100111,010000,1-0111,5,0.8333333333333334,True
3561,55,40,110111,001111,111000,---111,3,0.5,True
3562,55,41,110111,011110,101001,-1-11-,3,0.5,False
3563,55,42,110111,111101,001010,11-1-1,4,0.6666666666666666,True
3564,55,43,110111,111010,001101,11--1-,3,0.5,True
3565,55,44,110111,110101,000010,1101-1,5,0.8333333333333334,True
3566,55,45,110111,101010,011101,1---1-,2,0.3333333333333333,True
3567,55,46,110111,010101,100010,-101-1,4,0.6666666666666666,True
3568,55,47,110111,101011,011100,1---11,3,0.5,True
3569,55,48,110111,010111,100000,-10111,5,0.8333333333333334,True
3570,55,49,110111,101110,011001,1--11-,3,0.5,True
3571,55,50,110111,011101,101010,-1-1-1,3,0.5,True
3572,55,51,110111,111011,001100,11--11,4,0.6666666666666666,True
3573,55,52,110111,110110,000001,11011-,5,0.8333333333333334,True
3574,55,53,110111,101101,011010,1--1-1,3,0.5,True
3575,55,54,110111,011011,101100,-1--11,3,0.5,True
3576,55,55,110111,110111,000000,110111,6,1.0,True
3577,55,56,110111,101111,011000,1--111,4,0.6666666666666666,True
3578,55,57,110111,011111,101000,-1-111,4,0.6666666666666666,True
3579,55,58,110111,111111,001000,11-111,5,0.8333333333333334,True
3580,55,59,110111,111110,001001,11-11-,4,0.6666666666666666,True
3581,55,60,110111,111100,001011,11-1--,3,0.5,True
3582,55,61,110111,111000,001111,11----,2,0.3333333333333333,True
3583,55,62,110111,110000,000111,110---,3,0.5,True
3584,55,63,110111,100000,010111,1-0---,2,0.3333333333333333,True
3585,56,0,101111,000000,101111,-0----,1,0.16666666666666666,False
3586,56,1,101111,000001,101110,-0---1,2,0.3333333333333333,True
3587,56,2,101111,000010,101101,-0--1-,2,0.3333333333333333,False
3588,56,3,101111,000100,101011,-0-1--,2,0.3333333333333333,False
3589,56,4,101111,001000,100111,-01---,2,0.3333333333333333,False
3590,56,5,101111,010000,111111,------,0,0.0,False
3591,56,6,101111,100001,001110,10---1,3,0.5,True
3592,56,7,101111,000011,101100,-0--11,3,0.5,True
3593,56,8,101111,000110,101001,-0-11-,3,0.5,False
3594,56,9,101111,001100,100011,-011--,3,0.5,False
3595,56,10,101111,011000,110111,--1---,1,0.16666666666666666,False
3596,56,11,101111,110001,011110,1----1,2,0.3333333333333333,True
3597,56,12,101111,100010,001101,10--1-,3,0.5,True
3598,56,13,101111,000101,101010,-0-1-1,3,0.5,True
3599,56,14,101111,001010,100101,-01-1-,3,0.5,False
3600,56,15,101111,010100,111011,---1--,1,0.16666666666666666,False
3601,56,16,101111,101000,000111,101---,3,0.5,True
3602,56,17,101111,010001,111110,-----1,1,0.16666666666666666,True
3603,56,18,101111,100011,001100,10--11,4,0.6666666666666666,True
3604,56,19,101111,000111,101000,-0-111,4,0.6666666666666666,True
3605,56,20,101111,001110,100001,-0111-,4,0.6666666666666666,False
3606,56,21,101111,011100,110011,--11--,2,0.3333333333333333,False
3607,56,22,101111,111001,010110,1-1--1,3,0.5,True
3608,56,23,101111,110010,011101,1---1-,2,0.3333333333333333,True
3609,56,24,101111,100100,001011,10-1--,3,0.5,True
3610,56,25,101111,001001,100110,-01--1,3,0.5,True
3611,56,26,101111,010010,111101,----1-,1,0.16666666666666666,False
3612,56,27,101111,100101,001010,10-1-1,4,0.6666666666666666,True
3613,56,28,101111,001011,100100,-01-11,4,0.6666666666666666,True
3614,56,29,101111,010110,111001,---11-,2,0.3333333333333333,False
3615,56,30,101111,101100,000011,1011--,4,0.6666666666666666,True
3616,56,31,101111,011001,110110,--1--1,2,0.3333333333333333,True
3617,56,32,101111,110011,011100,1---11,3,0.5,True
3618,56,33,101111,100110,001001,10-11-,4,0.6666666666666666,True
3619,56,34,101111,001101,100010,-011-1,4,0.6666666666666666,True
3620,56,35,101111,011010,110101,--1-1-,2,0.3333333333333333,False
3621,56,36,101111,110100,011011,1--1--,2,0.3333333333333333,True
3622,56,37,101111,101001,000110,101--1,4,0.6666666666666666,True
3623,56,38,101111,010011,111100,----11,2,0.3333333333333333,True
3624,56,39,101111,100111,001000,10-111,5,0.8333333333333334,True
3625,56,40,101111,001111,100000,-01111,5,0.8333333333333334,True
3626,56,41,101111,011110,110001,--111-,3,0.5,False
3627,56,42,101111,111101,010010,1-11-1,4,0.6666666666666666,True
3628,56,43,101111,111010,010101,1-1-1-,3,0.5,True
3629,56,44,101111,110101,011010,1--1-1,3,0.5,True
3630,56,45,101111,101010,000101,101-1-,4,0.6666666666666666,True
3631,56,46,101111,010101,111010,---1-1,2,0.3333333333333333,True
3632,56,47,101111,101011,000100,101-11,5,0.8333333333333334,True
3633,56,48,101111,010111,111000,---111,3,0.5,True
3634,56,49,101111,101110,000001,10111-,5,0.8333333333333334,True
3635,56,50,101111,011101,110010,--11-1,3,0.5,True
3636,56,51,101111,111011,010100,1-1-11,4,0.6666666666666666,True
3637,56,52,101111,110110,011001,1--11-,3,0.5,True
3638,56,53,101111,101101,000010,1011-1,5,0.8333333333333334,True
3639,56,54,101111,011011,110100,--1-11,3,0.5,True
3640,56,55,101111,110111,011000,1--111,4,0.6666666666666666,True
3641,56,56,101111,101111,000000,101111,6,1.0,True
3642,56,57,101111,011111,110000,--1111,4,0.6666666666666666,True
3643,56,58,101111,111111,010000,1-1111,5,0.8333333333333334,True
3644,56,59,101111,111110,010001,1-111-,4,0.6666666666666666,True
3645,56,60,101111,111100,010011,1-11--,3,0.5,True
3646,56,61,101111,111000,010111,1-1---,2,0.3333333333333333,True
3647,56,62,101111,110000,011111,1-----,1,0.16666666666666666,True
3648,56,63,101111,100000,001111,10----,2,0.3333333333333333,True
3649,57,0,011111,000000,011111,0-----,1,0.16666666666666666,False
3650,57,1,011111,000001,011110,0----1,2,0.3333333333333333,True
3651,57,2,011111,000010,011101,0---1-,2,0.3333333333333333,False
3652,57,3,011111,000100,011011,0--1--,2,0.3333333333333333,False
3653,57,4,011111,001000,010111,0-1---,2,0.3333333333333333,False
3654,57,5,011111,010000,001111,01----,2,0.3333333333333333,False
3655,57,6,011111,100001,111110,-----1,1,0.16666666666666666,True
3656,57,7,011111,000011,011100,0---11,3,0.5,True
3657,57,8,011111,000110,011001,0--11-,3,0.5,False
3658,57,9,011111,001100,010011,0-11--,3,0.5,False
3659,57,10,011111,011000,000111,011---,3,0.5,False
3660,57,11,011111,110001,101110,-1---1,2,0.3333333333333333,True
3661,57,12,011111,100010,111101,----1-,1,0.16666666666666666,False
3662,57,13,011111,000101,011010,0--1-1,3,0.5,True
3663,57,14,011111,001010,010101,0-1-1-,3,0.5,False
3664,57,15,011111,010100,001011,01-1--,3,0.5,False
3665,57,16,011111,101000,110111,--1---,1,0.16666666666666666,False
3666,57,17,011111,010001,001110,01---1,3,0.5,True
3667,57,18,011111,100011,111100,----11,2,0.3333333333333333,True
3668,57,19,011111,000111,011000,0--111,4,0.6666666666666666,True
3669,57,20,011111,001110,010001,0-111-,4,0.6666666666666666,False
3670,57,21,011111,011100,000011,0111--,4,0.6666666666666666,False
3671,57,22,011111,111001,100110,-11--1,3,0.5,True
3672,57,23,011111,110010,101101,-1--1-,2,0.3333333333333333,False
3673,57,24,011111,100100,111011,---1--,1,0.16666666666666666,False
3674,57,25,011111,001001,010110,0-1--1,3,0.5,True
3675,57,26,011111,010010,001101,01--1-,3,0.5,False
3676,57,27,011111,100101,111010,---1-1,2,0.3333333333333333,True
3677,57,28,011111,001011,010100,0-1-11,4,0.6666666666666666,True
3678,57,29,011111,010110,001001,01-11-,4,0.6666666666666666,False
3679,57,30,011111,101100,110011,--11--,2,0.3333333333333333,False
3680,57,31,011111,011001,000110,011--1,4,0.6666666666666666,True
3681,57,32,011111,110011,101100,-1--11,3,0.5,True
3682,57,33,011111,100110,111001,---11-,2,0.3333333333333333,False
3683,57,34,011111,001101,010010,0-11-1,4,0.6666666666666666,True
3684,57,35,011111,011010,000101,011-1-,4,0.6666666666666666,False
3685,57,36,011111,110100,101011,-1-1--,2,0.3333333333333333,False
3686,57,37,011111,101001,110110,--1--1,2,0.3333333333333333,True
3687,57,38,011111,010011,001100,01--11,4,0.6666666666666666,True
3688,57,39,011111,100111,111000,---111,3,0.5,True
3689,57,40,011111,001111,010000,0-1111,5,0.8333333333333334,True
3690,57,41,011111,011110,000001,01111-,5,0.8333333333333334,False
3691,57,42,011111,111101,100010,-111-1,4,0.6666666666666666,True
3692,57,43,011111,111010,100101,-11-1-,3,0.5,False
3693,57,44,011111,110101,101010,-1-1-1,3,0.5,True
3694,57,45,011111,101010,110101,--1-1-,2,0.3333333333333333,False
3695,57,46,011111,010101,001010,01-1-1,4,0.6666666666666666,True
3696,57,47,011111,101011,110100,--1-11,3,0.5,True
3697,57,48,011111,010111,001000,01-111,5,0.8333333333333334,True
3698,57,49,011111,101110,110001,--111-,3,0.5,False
3699,57,50,011111,011101,000010,0111-1,5,0.8333333333333334,True
3700,57,51,011111,111011,100100,-11-11,4,0.6666666666666666,True
3701,57,52,011111,110110,101001,-1-11-,3,0.5,False
3702,57,53,011111,101101,110010,--11-1,3,0.5,True
3703,57,54,011111,011011,000100,011-11,5,0.8333333333333334,True
3704,57,55,011111,110111,101000,-1-111,4,0.6666666666666666,True
3705,57,56,011111,101111,110000,--1111,4,0.6666666666666666,True
3706,57,57,011111,011111,000000,011111,6,1.0,True
3707,57,58,011111,111111,100000,-11111,5,0.8333333333333334,True
3708,57,59,011111,111110,100001,-1111-,4,0.6666666666666666,False
3709,57,60,011111,111100,100011,-111--,3,0.5,False
3710,57,61,011111,111000,100111,-11---,2,0.3333333333333333,False
3711,57,62,011111,110000,101111,-1----,1,0.16666666666666666,False
3712,57,63,011111,100000,111111,------,0,0.0,False
3713,58,0,111111,000000,111111,------,0,0.0,False
3714,58,1,111111,000001,111110,-----1,1,0.16666666666666666,True
3715,58,2,111111,000010,111101,----1-,1,0.16666666666666666,False
3716,58,3,111111,000100,111011,---1--,1,0.16666666666666666,False
3717,58,4,111111,001000,110111,--1---,1,0.16666666666666666,False
3718,58,5,111111,010000,101111,-1----,1,0.16666666666666666,False
3719,58,6,111111,100001,011110,1----1,2,0.3333333333333333,True
3720,58,7,111111,000011,111100,----11,2,0.3333333333333333,True
3721,58,8,111111,000110,111001,---11-,2,0.3333333333333333,False
3722,58,9,111111,001100,110011,--11--,2,0.3333333333333333,False
3723,58,10,111111,011000,100111,-11---,2,0.3333333333333333,False
3724,58,11,111111,110001,001110,11---1,3,0.5,True
3725,58,12,111111,100010,011101,1---1-,2,0.3333333333333333,True
3726,58,13,111111,000101,111010,---1-1,2,0.3333333333333333,True
3727,58,14,111111,001010,110101,--1-1-,2,0.3333333333333333,False
3728,58,15,111111,010100,101011,-1-1--,2,0.3333333333333333,False
3729,58,16,111111,101000,010111,1-1---,2,0.3333333333333333,True
3730,58,17,111111,010001,101110,-1---1,2,0.3333333333333333,True
3731,58,18,111111,100011,011100,1---11,3,0.5,True
3732,58,19,111111,000111,111000,---111,3,0.5,True
3733,58,20,111111,001110,110001,--111-,3,0.5,False
3734,58,21,111111,011100,100011,-111--,3,0.5,False
3735,58,22,111111,111001,000110,111--1,4,0.6666666666666666,True
3736,58,23,111111,110010,001101,11--1-,3,0.5,True
3737,58,24,111111,100100,011011,1--1--,2,0.3333333333333333,True
3738,58,25,111111,001001,110110,--1--1,2,0.3333333333333333,True
3739,58,26,111111,010010,101101,-1--1-,2,0.3333333333333333,False
3740,58,27,111111,100101,011010,1--1-1,3,0.5,True
3741,58,28,111111,001011,110100,--1-11,3,0.5,True
3742,58,29,111111,010110,101001,-1-11-,3,0.5,False
3743,58,30,111111,101100,010011,1-11--,3,0.5,True
3744,58,31,111111,011001,100110,-11--1,3,0.5,True
3745,58,32,111111,110011,001100,11--11,4,0.6666666666666666,True
3746,58,33,111111,100110,011001,1--11-,3,0.5,True
3747,58,34,111111,001101,110010,--11-1,3,0.5,True
3748,58,35,111111,011010,100101,-11-1-,3,0.5,False
3749,58,36,111111,110100,001011,11-1--,3,0.5,True
3750,58,37,111111,101001,010110,1-1--1,3,0.5,True
3751,58,38,111111,010011,101100,-1--11,3,0.5,True
3752,58,39,111111,100111,011000,1--111,4,0.6666666666666666,True
3753,58,40,111111,001111,110000,--1111,4,0.6666666666666666,True
3754,58,41,111111,011110,100001,-1111-,4,0.6666666666666666,False
3755,58,42,111111,111101,000010,1111-1,5,0.8333333333333334,True
3756,58,43,111111,111010,000101,111-1-,4,0.6666666666666666,True
3757,58,44,111111,110101,001010,11-1-1,4,0.6666666666666666,True
3758,58,45,111111,101010,010101,1-1-1-,3,0.5,True
3759,58,46,111111,010101,101010,-1-1-1,3,0.5,True
3760,58,47,111111,101011,010100,1-1-11,4,0.6666666666666666,True
3761,58,48,111111,010111,101000,-1-111,4,0.6666666666666666,True
3762,58,49,111111,101110,010001,1-111-,4,0.6666666666666666,True
3763,58,50,111111,011101,100010,-111-1,4,0.6666666666666666,True
3764,58,51,111111,111011,000100,111-11,5,0.8333333333333334,True
3765,58,52,111111,110110,001001,11-11-,4,0.6666666666666666,True
3766,58,53,111111,101101,010010,1-11-1,4,0.6666666666666666,True
3767,58,54,111111,011011,100100,-11-11,4,0.6666666666666666,True
3768,58,55,111111,110111,001000,11-111,5,0.8333333333333334,True
3769,58,56,111111,101111,010000,1-1111,5,0.8333333333333334,True
3770,58,57,111111,011111,100000,-11111,5,0.8333333333333334,True
3771,58,58,111111,111111,000000,111111,6,1.0,True
3772,58,59,111111,111110,000001,11111-,5,0.8333333333333334,True
3773,58,60,111111,111100,000011,1111--,4,0.6666666666666666,True
3774,58,61,111111,111000,000111,111---,3,0.5,True
3775,58,62,111111,110000,001111,11----,2,0.3333333333333333,True
3776,58,63,111111,100000,011111,1-----,1,0.16666666666666666,True
3777,59,0,111110,000000,111110,-----0,1,0.16666666666666666,False
3778,59,1,111110,000001,111111,------,0,0.0,False
3779,59,2,111110,000010,111100,----10,2,0.3333333333333333,False
3780,59,3,111110,000100,111010,---1-0,2,0.3333333333333333,False
3781,59,4,111110,001000,110110,--1--0,2,0.3333333333333333,False
3782,59,5,111110,010000,101110,-1---0,2,0.3333333333333333,False
3783,59,6,111110,100001,011111,1-----,1,0.16666666666666666,True
3784,59,7,111110,000011,111101,----1-,1,0.16666666666666666,False
3785,59,8,111110,000110,111000,---110,3,0.5,False
3786,59,9,111110,001100,110010,--11-0,3,0.5,False
3787,59,10,111110,011000,100110,-11--0,3,0.5,False
3788,59,11,111110,110001,001111,11----,2,0.3333333333333333,True
3789,59,12,111110,100010,011100,1---10,3,0.5,True
3790,59,13,111110,000101,111011,---1--,1,0.16666666666666666,False
3791,59,14,111110,001010,110100,--1-10,3,0.5,False
3792,59,15,111110,010100,101010,-1-1-0,3,0.5,False
3793,59,16,111110,101000,010110,1-1--0,3,0.5,True
3794,59,17,111110,010001,101111,-1----,1,0.16666666666666666,False
3795,59,18,111110,100011,011101,1---1-,2,0.3333333333333333,True
3796,59,19,111110,000111,111001,---11-,2,0.3333333333333333,False
3797,59,20,111110,001110,110000,--1110,4,0.6666666666666666,False
3798,59,21,111110,011100,100010,-111-0,4,0.6666666666666666,False
3799,59,22,111110,111001,000111,111---,3,0.5,True
3800,59,23,111110,110010,001100,11--10,4,0.6666666666666666,True
3801,59,24,111110,100100,011010,1--1-0,3,0.5,True
3802,59,25,111110,001001,110111,--1---,1,0.16666666666666666,False
3803,59,26,111110,010010,101100,-1--10,3,0.5,False
3804,59,27,111110,100101,011011,1--1--,2,0.3333333333333333,True
3805,59,28,111110,001011,110101,--1-1-,2,0.3333333333333333,False
3806,59,29,111110,010110,101000,-1-110,4,0.6666666666666666,False
3807,59,30,111110,101100,010010,1-11-0,4,0.6666666666666666,True
3808,59,31,111110,011001,100111,-11---,2,0.3333333333333333,False
3809,59,32,111110,110011,001101,11--1-,3,0.5,True
3810,59,33,111110,100110,011000,1--110,4,0.6666666666666666,True
3811,59,34,111110,001101,110011,--11--,2,0.3333333333333333,False
3812,59,35,111110,011010,100100,-11-10,4,0.6666666666666666,False
3813,59,36,111110,110100,001010,11-1-0,4,0.6666666666666666,True
3814,59,37,111110,101001,010111,1-1---,2,0.3333333333333333,True
3815,59,38,111110,010011,101101,-1--1-,2,0.3333333333333333,False
3816,59,39,111110,100111,011001,1--11-,3,0.5,True
3817,59,40,111110,001111,110001,--111-,3,0.5,False
3818,59,41,111110,011110,100000,-11110,5,0.8333333333333334,False
3819,59,42,111110,111101,000011,1111--,4,0.6666666666666666,True
3820,59,43,111110,111010,000100,111-10,5,0.8333333333333334,True
3821,59,44,111110,110101,001011,11-1--,3,0.5,True
3822,59,45,111110,101010,010100,1-1-10,4,0.6666666666666666,True
3823,59,46,111110,010101,101011,-1-1--,2,0.3333333333333333,False
3824,59,47,111110,101011,010101,1-1-1-,3,0.5,True
3825,59,48,111110,010111,101001,-1-11-,3,0.5,False
3826,59,49,111110,101110,010000,1-1110,5,0.8333333333333334,True
3827,59,50,111110,011101,100011,-111--,3,0.5,False
3828,59,51,111110,111011,000101,111-1-,4,0.6666666666666666,True
3829,59,52,111110,110110,001000,11-110,5,0.8333333333333334,True
3830,59,53,111110,101101,010011,1-11--,3,0.5,True
3831,59,54,111110,011011,100101,-11-1-,3,0.5,False
3832,59,55,111110,110111,001001,11-11-,4,0.6666666666666666,True
3833,59,56,111110,101111,010001,1-111-,4,0.6666666666666666,True
3834,59,57,111110,011111,100001,-1111-,4,0.6666666666666666,False
3835,59,58,111110,111111,000001,11111-,5,0.8333333333333334,True
3836,59,59,111110,111110,000000,111110,6,1.0,True
3837,59,60,111110,111100,000010,1111-0,5,0.8333333333333334,True
3838,59,61,111110,111000,000110,111--0,4,0.6666666666666666,True
3839,59,62,111110,110000,001110,11---0,3,0.5,True
3840,59,63,111110,100000,011110,1----0,2,0.3333333333333333,True
3841,60,0,111100,000000,111100,----00,2,0.3333333333333333,False
3842,60,1,111100,000001,111101,----0-,1,0.16666666666666666,False
3843,60,2,111100,000010,111110,-----0,1,0.16666666666666666,False
3844,60,3,111100,000100,111000,---100,3,0.5,False
3845,60,4,111100,001000,110100,--1-00,3,0.5,False
3846,60,5,111100,010000,101100,-1--00,3,0.5,False
3847,60,6,111100,100001,011101,1---0-,2,0.3333333333333333,True
3848,60,7,111100,000011,111111,------,0,0.0,False
3849,60,8,111100,000110,111010,---1-0,2,0.3333333333333333,False
3850,60,9,111100,001100,110000,--1100,4,0.6666666666666666,False
3851,60,10,111100,011000,100100,-11-00,4,0.6666666666666666,False
3852,60,11,111100,110001,001101,11--0-,3,0.5,True
3853,60,12,111100,100010,011110,1----0,2,0.3333333333333333,True
3854,60,13,111100,000101,111001,---10-,2,0.3333333333333333,False
3855,60,14,111100,001010,110110,--1--0,2,0.3333333333333333,False
3856,60,15,111100,010100,101000,-1-100,4,0.6666666666666666,False
3857,60,16,111100,101000,010100,1-1-00,4,0.6666666666666666,True
3858,60,17,111100,010001,101101,-1--0-,2,0.3333333333333333,False
3859,60,18,111100,100011,011111,1-----,1,0.16666666666666666,True
3860,60,19,111100,000111,111011,---1--,1,0.16666666666666666,False
3861,60,20,111100,001110,110010,--11-0,3,0.5,False
3862,60,21,111100,011100,100000,-11100,5,0.8333333333333334,False
3863,60,22,111100,111001,000101,111-0-,4,0.6666666666666666,True
3864,60,23,111100,110010,001110,11---0,3,0.5,True
3865,60,24,111100,100100,011000,1--100,4,0.6666666666666666,True
3866,60,25,111100,001001,110101,--1-0-,2,0.3333333333333333,False
3867,60,26,111100,010010,101110,-1---0,2,0.3333333333333333,False
3868,60,27,111100,100101,011001,1--10-,3,0.5,True
3869,60,28,111100,001011,110111,--1---,1,0.16666666666666666,False
3870,60,29,111100,010110,101010,-1-1-0,3,0.5,False
3871,60,30,111100,101100,010000,1-1100,5,0.8333333333333334,True
3872,60,31,111100,011001,100101,-11-0-,3,0.5,False
3873,60,32,111100,110011,001111,11----,2,0.3333333333333333,True
3874,60,33,111100,100110,011010,1--1-0,3,0.5,True
3875,60,34,111100,001101,110001,--110-,3,0.5,False
3876,60,35,111100,011010,100110,-11--0,3,0.5,False
3877,60,36,111100,110100,001000,11-100,5,0.8333333333333334,True
3878,60,37,111100,101001,010101,1-1-0-,3,0.5,True
3879,60,38,111100,010011,101111,-1----,1,0.16666666666666666,False
3880,60,39,111100,100111,011011,1--1--,2,0.3333333333333333,True
3881,60,40,111100,001111,110011,--11--,2,0.3333333333333333,False
3882,60,41,111100,011110,100010,-111-0,4,0.6666666666666666,False
3883,60,42,111100,111101,000001,11110-,5,0.8333333333333334,True
3884,60,43,111100,111010,000110,111--0,4,0.6666666666666666,True
3885,60,44,111100,110101,001001,11-10-,4,0.6666666666666666,True
3886,60,45,111100,101010,010110,1-1--0,3,0.5,True
3887,60,46,111100,010101,101001,-1-10-,3,0.5,False
3888,60,47,111100,101011,010111,1-1---,2,0.3333333333333333,True
3889,60,48,111100,010111,101011,-1-1--,2,0.3333333333333333,False
3890,60,49,111100,101110,010010,1-11-0,4,0.6666666666666666,True
3891,60,50,111100,011101,100001,-1110-,4,0.6666666666666666,False
3892,60,51,111100,111011,000111,111---,3,0.5,True
3893,60,52,111100,110110,001010,11-1-0,4,0.6666666666666666,True
3894,60,53,111100,101101,010001,1-110-,4,0.6666666666666666,True
3895,60,54,111100,011011,100111,-11---,2,0.3333333333333333,False
3896,60,55,111100,110111,001011,11-1--,3,0.5,True
3897,60,56,111100,101111,010011,1-11--,3,0.5,True
3898,60,57,111100,011111,100011,-111--,3,0.5,False
3899,60,58,111100,111111,000011,1111--,4,0.6666666666666666,True
3900,60,59,111100,111110,000010,1111-0,5,0.8333333333333334,True
3901,60,60,111100,111100,000000,111100,6,1.0,True
3902,60,61,111100,111000,000100,111-00,5,0.8333333333333334,True
3903,60,62,111100,110000,001100,11--00,4,0.6666666666666666,True
3904,60,63,111100,100000,011100,1---00,3,0.5,True
3905,61,0,111000,000000,111000,---000,3,0.5,False
3906,61,1,111000,000001,111001,---00-,2,0.3333333333333333,False
3907,61,2,111000,000010,111010,---0-0,2,0.3333333333333333,False
3908,61,3,111000,000100,111100,----00,2,0.3333333333333333,False
3909,61,4,111000,001000,110000,--1000,4,0.6666666666666666,False
3910,61,5,111000,010000,101000,-1-000,4,0.6666666666666666,False
3911,61,6,111000,100001,011001,1--00-,3,0.5,True
3912,61,7,111000,000011,111011,---0--,1,0.16666666666666666,False
3913,61,8,111000,000110,111110,-----0,1,0.16666666666666666,False
3914,61,9,111000,001100,110100,--1-00,3,0.5,False
3915,61,10,111000,011000,100000,-11000,5,0.8333333333333334,False
3916,61,11,111000,110001,001001,11-00-,4,0.6666666666666666,True
3917,61,12,111000,100010,011010,1--0-0,3,0.5,True
3918,61,13,111000,000101,111101,----0-,1,0.16666666666666666,False
3919,61,14,111000,001010,110010,--10-0,3,0.5,False
3920,61,15,111000,010100,101100,-1--00,3,0.5,False
3921,61,16,111000,101000,010000,1-1000,5,0.8333333333333334,True
3922,61,17,111000,010001,101001,-1-00-,3,0.5,False
3923,61,18,111000,100011,011011,1--0--,2,0.3333333333333333,True
3924,61,19,111000,000111,111111,------,0,0.0,False
3925,61,20,111000,001110,110110,--1--0,2,0.3333333333333333,False
3926,61,21,111000,011100,100100,-11-00,4,0.6666666666666666,False
3927,61,22,111000,111001,000001,11100-,5,0.8333333333333334,True
3928,61,23,111000,110010,001010,11-0-0,4,0.6666666666666666,True
3929,61,24,111000,100100,011100,1---00,3,0.5,True
3930,61,25,111000,001001,110001,--100-,3,0.5,False
3931,61,26,111000,010010,101010,-1-0-0,3,0.5,False
3932,61,27,111000,100101,011101,1---0-,2,0.3333333333333333,True
3933,61,28,111000,001011,110011,--10--,2,0.3333333333333333,False
3934,61,29,111000,010110,101110,-1---0,2,0.3333333333333333,False
3935,61,30,111000,101100,010100,1-1-00,4,0.6666666666666666,True
3936,61,31,111000,011001,100001,-1100-,4,0.6666666666666666,False
3937,61,32,111000,110011,001011,11-0--,3,0.5,True
3938,61,33,111000,100110,011110,1----0,2,0.3333333333333333,True
3939,61,34,111000,001101,110101,--1-0-,2,0.3333333333333333,False
3940,61,35,111000,011010,100010,-110-0,4,0.6666666666666666,False
3941,61,36,111000,110100,001100,11--00,4,0.6666666666666666,True
3942,61,37,111000,101001,010001,1-100-,4,0.6666666666666666,True
3943,61,38,111000,010011,101011,-1-0--,2,0.3333333333333333,False
3944,61,39,111000,100111,011111,1-----,1,0.16666666666666666,True
3945,61,40,111000,001111,110111,--1---,1,0.16666666666666666,False
3946,61,41,111000,011110,100110,-11--0,3,0.5,False
3947,61,42,111000,111101,000101,111-0-,4,0.6666666666666666,True
3948,61,43,111000,111010,000010,1110-0,5,0.8333333333333334,True
3949,61,44,111000,110101,001101,11--0-,3,0.5,True
3950,61,45,111000,101010,010010,1-10-0,4,0.6666666666666666,True
3951,61,46,111000,010101,101101,-1--0-,2,0.3333333333333333,False
3952,61,47,111000,101011,010011,1-10--,3,0.5,True
3953,61,48,111000,010111,101111,-1----,1,0.16666666666666666,False
3954,61,49,111000,101110,010110,1-1--0,3,0.5,True
3955,61,50,111000,011101,100101,-11-0-,3,0.5,False
3956,61,51,111000,111011,000011,1110--,4,0.6666666666666666,True
3957,61,52,111000,110110,001110,11---0,3,0.5,True
3958,61,53,111000,101101,010101,1-1-0-,3,0.5,True
3959,61,54,111000,011011,100011,-110--,3,0.5,False
3960,61,55,111000,110111,001111,11----,2,0.3333333333333333,True
3961,61,56,111000,101111,010111,1-1---,2,0.3333333333333333,True
3962,61,57,111000,011111,100111,-11---,2,0.3333333333333333,False
3963,61,58,111000,111111,000111,111---,3,0.5,True
3964,61,59,111000,111110,000110,111--0,4,0.6666666666666666,True
3965,61,60,111000,111100,000100,111-00,5,0.8333333333333334,True
3966,61,61,111000,111000,000000,111000,6,1.0,True
3967,61,62,111000,110000,001000,11-000,5,0.8333333333333334,True
3968,61,63,111000,100000,011000,1--000,4,0.6666666666666666,True
3969,62,0,110000,000000,110000,--0000,4,0.6666666666666666,False
3970,62,1,110000,000001,110001,--000-,3,0.5,False
3971,62,2,110000,000010,110010,--00-0,3,0.5,False
3972,62,3,110000,000100,110100,--0-00,3,0.5,False
3973,62,4,110000,001000,111000,---000,3,0.5,False
3974,62,5,110000,010000,100000,-10000,5,0.8333333333333334,False
3975,62,6,110000,100001,010001,1-000-,4,0.6666666666666666,True
3976,62,7,110000,000011,110011,--00--,2,0.3333333333333333,False
3977,62,8,110000,000110,110110,--0--0,2,0.3333333333333333,False
3978,62,9,110000,001100,111100,----00,2,0.3333333333333333,False
3979,62,10,110000,011000,101000,-1-000,4,0.6666666666666666,False
3980,62,11,110000,110001,000001,11000-,5,0.8333333333333334,True
3981,62,12,110000,100010,010010,1-00-0,4,0.6666666666666666,True
3982,62,13,110000,000101,110101,--0-0-,2,0.3333333333333333,False
3983,62,14,110000,001010,111010,---0-0,2,0.3333333333333333,False
3984,62,15,110000,010100,100100,-10-00,4,0.6666666666666666,False
3985,62,16,110000,101000,011000,1--000,4,0.6666666666666666,True
3986,62,17,110000,010001,100001,-1000-,4,0.6666666666666666,False
3987,62,18,110000,100011,010011,1-00--,3,0.5,True
3988,62,19,110000,000111,110111,--0---,1,0.16666666666666666,False
3989,62,20,110000,001110,111110,-----0,1,0.16666666666666666,False
3990,62,21,110000,011100,101100,-1--00,3,0.5,False
3991,62,22,110000,111001,001001,11-00-,4,0.6666666666666666,True
3992,62,23,110000,110010,000010,1100-0,5,0.8333333333333334,True
3993,62,24,110000,100100,010100,1-0-00,4,0.6666666666666666,True
3994,62,25,110000,001001,111001,---00-,2,0.3333333333333333,False
3995,62,26,110000,010010,100010,-100-0,4,0.6666666666666666,False
3996,62,27,110000,100101,010101,1-0-0-,3,0.5,True
3997,62,28,110000,001011,111011,---0--,1,0.16666666666666666,False
3998,62,29,110000,010110,100110,-10--0,3,0.5,False
3999,62,30,110000,101100,011100,1---00,3,0.5,True
4000,62,31,110000,011001,101001,-1-00-,3,0.5,False
4001,62,32,110000,110011,000011,1100--,4,0.6666666666666666,True
4002,62,33,110000,100110,010110,1-0--0,3,0.5,True
4003,62,34,110000,001101,111101,----0-,1,0.16666666666666666,False
4004,62,35,110000,011010,101010,-1-0-0,3,0.5,False
4005,62,36,110000,110100,000100,110-00,5,0.8333333333333334,True
4006,62,37,110000,101001,011001,1--00-,3,0.5,True
4007,62,38,110000,010011,100011,-100--,3,0.5,False
4008,62,39,110000,100111,010111,1-0---,2,0.3333333333333333,True
4009,62,40,110000,001111,111111,------,0,0.0,False
4010,62,41,110000,011110,101110,-1---0,2,0.3333333333333333,False
4011,62,42,110000,111101,001101,11--0-,3,0.5,True
4012,62,43,110000,111010,001010,11-0-0,4,0.6666666666666666,True
4013,62,44,110000,110101,000101,110-0-,4,0.6666666666666666,True
4014,62,45,110000,101010,011010,1--0-0,3,0.5,True
4015,62,46,110000,010101,100101,-10-0-,3,0.5,False
4016,62,47,110000,101011,011011,1--0--,2,0.3333333333333333,True
4017,62,48,110000,010111,100111,-10---,2,0.3333333333333333,False
4018,62,49,110000,101110,011110,1----0,2,0.3333333333333333,True
4019,62,50,110000,011101,101101,-1--0-,2,0.3333333333333333,False
4020,62,51,110000,111011,001011,11-0--,3,0.5,True
4021,62,52,110000,110110,000110,110--0,4,0.6666666666666666,True
4022,62,53,110000,101101,011101,1---0-,2,0.3333333333333333,True
4023,62,54,110000,011011,101011,-1-0--,2,0.3333333333333333,False
4024,62,55,110000,110111,000111,110---,3,0.5,True
4025,62,56,110000,101111,011111,1-----,1,0.16666666666666666,True
4026,62,57,110000,011111,101111,-1----,1,0.16666666666666666,False
4027,62,58,110000,111111,001111,11----,2,0.3333333333333333,True
4028,62,59,110000,111110,001110,11---0,3,0.5,True
4029,62,60,110000,111100,001100,11--00,4,0.6666666666666666,True
4030,62,61,110000,111000,001000,11-000,5,0.8333333333333334,True
4031,62,62,110000,110000,000000,110000,6,1.0,True
4032,62,63,110000,100000,010000,1-0000,5,0.8333333333333334,True
4033,63,0,100000,000000,100000,-00000,5,0.8333333333333334,False
4034,63,1,100000,000001,100001,-0000-,4,0.6666666666666666,False
4035,63,2,100000,000010,100010,-000-0,4,0.6666666666666666,False
4036,63,3,100000,000100,100100,-00-00,4,0.6666666666666666,False
4037,63,4,100000,001000,101000,-0-000,4,0.6666666666666666,False
4038,63,5,100000,010000,110000,--0000,4,0.6666666666666666,False
4039,63,6,100000,100001,000001,10000-,5,0.8333333333333334,True
4040,63,7,100000,000011,100011,-000--,3,0.5,False
4041,63,8,100000,000110,100110,-00--0,3,0.5,False
4042,63,9,100000,001100,101100,-0--00,3,0.5,False
4043,63,10,100000,011000,111000,---000,3,0.5,False
4044,63,11,100000,110001,010001,1-000-,4,0.6666666666666666,True
4045,63,12,100000,100010,000010,1000-0,5,0.8333333333333334,True
4046,63,13,100000,000101,100101,-00-0-,3,0.5,False
4047,63,14,100000,001010,101010,-0-0-0,3,0.5,False
4048,63,15,100000,010100,110100,--0-00,3,0.5,False
4049,63,16,100000,101000,001000,10-000,5,0.8333333333333334,True
4050,63,17,100000,010001,110001,--000-,3,0.5,False
4051,63,18,100000,100011,000011,1000--,4,0.6666666666666666,True
4052,63,19,100000,000111,100111,-00---,2,0.3333333333333333,False
4053,63,20,100000,001110,101110,-0---0,2,0.3333333333333333,False
4054,63,21,100000,011100,111100,----00,2,0.3333333333333333,False
4055,63,22,100000,111001,011001,1--00-,3,0.5,True
4056,63,23,100000,110010,010010,1-00-0,4,0.6666666666666666,True
4057,63,24,100000,100100,000100,100-00,5,0.8333333333333334,True
4058,63,25,100000,001001,101001,-0-00-,3,0.5,False
4059,63,26,100000,010010,110010,--00-0,3,0.5,False
4060,63,27,100000,100101,000101,100-0-,4,0.6666666666666666,True
4061,63,28,100000,001011,101011,-0-0--,2,0.3333333333333333,False
4062,63,29,100000,010110,110110,--0--0,2,0.3333333333333333,False
4063,63,30,100000,101100,001100,10--00,4,0.6666666666666666,True
4064,63,31,100000,011001,111001,---00-,2,0.3333333333333333,False
4065,63,32,100000,110011,010011,1-00--,3,0.5,True
4066,63,33,100000,100110,000110,100--0,4,0.6666666666666666,True
4067,63,34,100000,001101,101101,-0--0-,2,0.3333333333333333,False
4068,63,35,100000,011010,111010,---0-0,2,0.3333333333333333,False
4069,63,36,100000,110100,010100,1-0-00,4,0.6666666666666666,True
4070,63,37,100000,101001,001001,10-00-,4,0.6666666666666666,True
4071,63,38,100000,010011,110011,--00--,2,0.3333333333333333,False
4072,63,39,100000,100111,000111,100---,3,0.5,True
4073,63,40,100000,001111,101111,-0----,1,0.16666666666666666,False
4074,63,41,100000,011110,111110,-----0,1,0.16666666666666666,False
4075,63,42,100000,111101,011101,1---0-,2,0.3333333333333333,True
4076,63,43,100000,111010,011010,1--0-0,3,0.5,True
4077,63,44,100000,110101,010101,1-0-0-,3,0.5,True
4078,63,45,100000,101010,001010,10-0-0,4,0.6666666666666666,True
4079,63,46,100000,010101,110101,--0-0-,2,0.3333333333333333,False
4080,63,47,100000,101011,001011,10-0--,3,0.5,True
4081,63,48,100000,010111,110111,--0---,1,0.16666666666666666,False
4082,63,49,100000,101110,001110,10---0,3,0.5,True
4083,63,50,100000,011101,111101,----0-,1,0.16666666666666666,False
4084,63,51,100000,111011,011011,1--0--,2,0.3333333333333333,True
4085,63,52,100000,110110,010110,1-0--0,3,0.5,True
4086,63,53,100000,101101,001101,10--0-,3,0.5,True
4087,63,54,100000,011011,111011,---0--,1,0.16666666666666666,False
4088,63,55,100000,110111,010111,1-0---,2,0.3333333333333333,True
4089,63,56,100000,101111,001111,10----,2,0.3333333333333333,True
4090,63,57,100000,011111,111111,------,0,0.0,False
4091,63,58,100000,111111,011111,1-----,1,0.16666666666666666,True
4092,63,59,100000,111110,011110,1----0,2,0.3333333333333333,True
4093,63,60,100000,111100,011100,1---00,3,0.5,True
4094,63,61,100000,111000,011000,1--000,4,0.6666666666666666,True
4095,63,62,100000,110000,010000,1-0000,5,0.8333333333333334,True
4096,63,63,100000,100000,000000,100000,6,1.0,True
